Workbook

Sheet Detailed Product w Size & Prici
A1: Sku Number | B1: Count of Reviews (posted) | C1: Avg Star Rating | D1: VPC | E1: VPC 1 | F1: VPC 2 | G1: VCP Count of Reviews | H1: VPC Avg Star Rating | I1: Count of 'collection' Reviews | J1: Theme | K1: Customer Description | L1: Sale Price | M1: Regular Price | N1: Specialty Brand | O1: Proprietary (P) | P1: Collection Copy | Q1: Mattress Designation | R1: Mattress Size | S1: Mattress Type | T1: Pressure Relief | U1: Sleep Position | V1: Support Level | W1: Temperature Management | X1: Comfort | Y1: Image 1 | Z1: Image 2 | AA1: Base product link | AB1: Actual variant link
A2: 50000543 | J2: CASPER CLOUD ONE | K2: TWX CASPER CLOUD ONE | L2: 879 | M2: 1099 | N2: CASPER | Q2: Adult | R2: Twin XL | S2: Foam | T2: 3-Superior | U2: Side/Back/Stomach | V2: 3-Superior | W2: 2-Good | X2: Medium | Y2: =IFERROR(VLOOKUP(A2,Sheet3!B:H,6,false),VLOOKUP(J2,Sheet2!A:C,2,false)) -> https://assets.roomstogo.com/product/casper-cloud-one-twin-xl-mattress_50000543_image-item | Z2: =IFERROR(VLOOKUP(A2,Sheet3!B:H,7,false),VLOOKUP(J2,Sheet2!A:C,3,false)) -> https://assets.roomstogo.com/product/casper-cloud-one-twin-xl-mattress_50000543_alt-image-1
A3: 50000579 | J3: CASPER SNOW 2.0 | K3: TWXL CASPER SNOW 2.0 | L3: 1595 | M3: 1995 | N3: CASPER | P3: Casper signature cooling hybrid mattress. Specialty cool-to-the-touch fibers give an instantly refreshing feel. Phase Change Materialinstantly pulls heat away whileHeatDeleteT Bandsremove excess body heat to help yousleep 5 cooler all night long. Soothe Memory Foam conforms to the body and gently eases you into deep sleep. Zoned Support helps keep your spine in alignment with firmer foam under the hips, waist and lower back. Individually pocketed Flex Coils reduce motion transfer and boost support. | Q3: Adult | R3: Twin XL | S3: Hybrid | T3: 3-Superior | U3: Side/Back/Stomach | V3: 3-Superior | W3: 4-Premier | X3: Medium | Y3: =IFERROR(VLOOKUP(A3,Sheet3!B:H,6,false),VLOOKUP(J3,Sheet2!A:C,2,false)) -> https://assets.roomstogo.com/product/casper-snow-20-twin-xl-mattress_50000579_image-item | Z3: =IFERROR(VLOOKUP(A3,Sheet3!B:H,7,false),VLOOKUP(J3,Sheet2!A:C,3,false)) -> https://assets.roomstogo.com/product/casper-snow-20-twin-xl-mattress_50000579_alt-image-1
A4: 50000581 | B4: 1 | C4: 5 | D4: Mattress Only~Casper Snow Max | E4: Mattress Only | F4: Casper Snow Max | G4: 380 | H4: 4.42 | I4: 379 | J4: CASPER SNOW MAX | K4: TWXL CASPER SNOW MAX | L4: 2595 | M4: 3245 | N4: CASPER | P4: Ultimate cooling hybrid mattress. Specialty cool-to-the-touch fibers give an instantly refreshing feel. Phase Change MaterialandHeatDeleteT Bands remove excess body heat and help yousleep 6 cooler all night long. Precision-cut foam and encased coils for a breathable and supportive medium-soft feel. Ultra-supportive Align Memory Foam keeps you aligned for your deepest sleep. Firmer center foam cradles your body while giving added support to your hips, waist and lower back. Individually pocketed Flex Coils flex reduce motion transfer and boost support. | Q4: Adult | R4: Twin XL | S4: Hybrid | T4: 4-Premier | U4: Side/Back | V4: 3-Superior | W4: 5-Ultimate | X4: Soft | Y4: =IFERROR(VLOOKUP(A4,Sheet3!B:H,6,false),VLOOKUP(J4,Sheet2!A:C,2,false)) -> https://assets.roomstogo.com/product/casper-snow-max-twin-xl-mattress_50000581_image-item | Z4: =IFERROR(VLOOKUP(A4,Sheet3!B:H,7,false),VLOOKUP(J4,Sheet2!A:C,3,false)) -> https://assets.roomstogo.com/product/casper-snow-max-twin-xl-mattress_50000581_alt-image-1
A5: 50000682 | J5: CASPER ONYX 2.0 | K5: TWXL CASPER ONYX 2.0 | L5: 699 | M5: 799 | N5: CASPER | O5: P | P5: The Casper Onyx mattress is designed with 3 layers of foam for comfort, breathability and support. Obsessively engineered by Casper's award-winning research and development team, this mattress contains Breathe Flex Foam for support and pressure relief & Breathe Foam for air flow that pairs breathability with softness for all-night comfort. Key FeaturesA cozy knit cover designed with added stretch so you can experience all the comfort your mattress has to offer. Features a top layer of Breathe Flex Foam that's both responsive and breathable to soothe you to sleep with the perfect bit of bounce. A firm Casper Core base provides long-lasting support while preventing sinking and sagging. Foams are certified by the CertiPUR-US program, meaning they are made without ozone depleting chemicals and regulated by the Consumer Product Safety Commission Low VOC Volatile Organic Compound emissions for indoor air quality less than 0.5 parts per million. | Q5: Adult | R5: Twin XL | S5: Foam | T5: 2-Good | U5: Side/Back/Stomach | V5: 2-Good | W5: 2-Good | X5: Medium | Y5: =IFERROR(VLOOKUP(A5,Sheet3!B:H,6,false),VLOOKUP(J5,Sheet2!A:C,2,false)) -> https://assets.roomstogo.com/product/casper-onyx-20-twin-xl-mattress_50000682_image-item | Z5: =IFERROR(VLOOKUP(A5,Sheet3!B:H,7,false),VLOOKUP(J5,Sheet2!A:C,3,false)) -> https://assets.roomstogo.com/product/casper-onyx-20-twin-xl-mattress_50000682_alt-image-1
A6: 50001773 | J6: SMART MATCH 2.0 | K6: TWX SMART MATCH 2.0 | L6: 1077 | M6: 3199 | N6: KINGSDOWN | R6: Twin XL | S6: Innerspring | T6: 4-Premier | U6: Side/Back/Stomach | V6: 4-Premier | W6: 3-Superior | X6: Medium | Y6: =IFERROR(VLOOKUP(A6,Sheet3!B:H,6,false),VLOOKUP(J6,Sheet2!A:C,2,false)) -> https://assets.roomstogo.com/product/kingsdown-smart-match-20-twin-xl-mattress_50001773_image-item | Z6: =IFERROR(VLOOKUP(A6,Sheet3!B:H,7,false),VLOOKUP(J6,Sheet2!A:C,3,false)) -> https://assets.roomstogo.com/product/kingsdown-smart-match-20-twin-xl-mattress_50001773_alt-image-1
A7: 50007460 | B7: 332 | C7: 4.48 | D7: Mattress Only~Adapt 2.0 Medium | E7: Mattress Only | F7: Adapt 2.0 Medium | G7: 346 | H7: 4.43 | I7: 14 | J7: ADAPT 2.0 MEDIUM | K7: TWXL ADAPT MEDIUM | L7: 1699 | M7: 1699 | N7: TEMPURPEDIC | P7: .Superior cool-to-the-touch feel with a premium knit cover..TEMPUR-Material provides one-of-a-kind, body-conforming support by responding to your body's weight, shape, and temperature to help reduce aches and pains..A second layer of TEMPUR-Material absorbs motion to help minimize disruptions caused by movement from partners, pets, or kids. | Q7: Adult | R7: Twin XL | S7: Foam | T7: 4-Premier | U7: Side/Back/Stomach | V7: 4-Premier | W7: 4-Premier | X7: Medium | Y7: =IFERROR(VLOOKUP(A7,Sheet3!B:H,6,false),VLOOKUP(J7,Sheet2!A:C,2,false)) -> https://assets.roomstogo.com/product/tempur-pedic-adapt-20-medium-twin-xl-mattress_50007460_image-item | Z7: =IFERROR(VLOOKUP(A7,Sheet3!B:H,7,false),VLOOKUP(J7,Sheet2!A:C,3,false)) -> https://assets.roomstogo.com/product/tempur-pedic-adapt-20-medium-twin-xl-mattress_50007460_alt-image-1
A8: 50007472 | B8: 2576 | C8: 4.2 | D8: Mattress Only~Adapt 2.0 Medium Hybrid | E8: Mattress Only | F8: Adapt 2.0 Medium Hybrid | G8: 2587 | H8: 4.2 | I8: 11 | J8: ADAPT 2.0 MEDIUM HYBRID | K8: TWXL ADAPT MEDIUM HYBRID | L8: 1999 | M8: 1999 | N8: TEMPURPEDIC | P8: .Superior cool-to-the-touch feel with a premium knit cover..TEMPUR-Material provides one-of-a-kind, body-conforming support by responding to your body's weight, shape, and temperature to help reduce aches and pains..A second layer of TEMPUR-Material absorbs motion to help minimize disruptions caused by movement from partners, pets, or kids..Hybrid technology combines premium innersprings with TEMPUR-Material to deliver the right combination of pressure relief and support. | Q8: Adult | R8: Twin XL | S8: Hybrid | T8: 4-Premier | U8: Side/Back/Stomach | V8: 4-Premier | W8: 4-Premier | X8: Medium | Y8: =IFERROR(VLOOKUP(A8,Sheet3!B:H,6,false),VLOOKUP(J8,Sheet2!A:C,2,false)) -> https://assets.roomstogo.com/product/tempur-pedic-adapt-20-medium-hybrid-twin-xl-mattress_50007472_image-item | Z8: =IFERROR(VLOOKUP(A8,Sheet3!B:H,7,false),VLOOKUP(J8,Sheet2!A:C,3,false)) -> https://assets.roomstogo.com/product/tempur-pedic-adapt-20-medium-hybrid-twin-xl-mattress_50007472_alt-image-1
A9: 50007484 | B9: 237 | C9: 4.6 | D9: Mattress Only~Proadapt 2.0 Firm | E9: Mattress Only | F9: Proadapt 2.0 Firm | G9: 245 | H9: 4.62 | I9: 8 | J9: PROADAPT 2.0 FIRM | K9: TWXL PROADAPT FIRM | L9: 2899 | M9: 2899 | N9: TEMPURPEDIC | P9: .The removable, machine-washable, and cool-to-the-touch SmartClimate cover features heat-absorbing fibers, drawing heat away from the body for added cooling comfort..Ventilated Advanced Relief Material provides pressure relief and added ventilation for increased airflow..TEMPUR-Material provides one-of-a-kind, body-conforming support by responding to your body's weight, shape, and temperature. | Q9: Adult | R9: Twin XL | S9: Foam | T9: 4-Premier | U9: Stomach/Back | V9: 5-Ultimate | W9: 4-Premier | X9: Firm | Y9: =IFERROR(VLOOKUP(A9,Sheet3!B:H,6,false),VLOOKUP(J9,Sheet2!A:C,2,false)) -> https://assets.roomstogo.com/product/tempur-pedic-proadapt-20-firm-twin-xl-mattress_50007484_image-item | Z9: =IFERROR(VLOOKUP(A9,Sheet3!B:H,7,false),VLOOKUP(J9,Sheet2!A:C,3,false)) -> https://assets.roomstogo.com/product/tempur-pedic-proadapt-20-firm-twin-xl-mattress_50007484_alt-image-1
A10: 50007511 | B10: 302 | C10: 4.48 | D10: Mattress Only~Probreeze 2.0 Medium Hybrid | E10: Mattress Only | F10: Probreeze 2.0 Medium Hybrid | G10: 306 | H10: 4.48 | I10: 4 | J10: PROBREEZE 2.0 MEDIUM HYBRID | K10: TWXL PROBREEZE MED HYBRID | L10: 3899 | M10: 3899 | N10: TEMPURPEDIC | P10: Experience all-night cooling with the all-new TEMPUR-ProBreeze mattress. Features a removable, machine-washable cover with heat-absorbing fibers that provide cooling comfort. Premium hybrid technology combines over 1,000 innersprings with Tempur-Pedic's pressure relieving and cooling materials. Delivers exceptional support and ensures cool and comfortable sleep every night. | Q10: Adult | R10: Twin XL | S10: Hybrid | T10: 4-Premier | U10: Side/Back/Stomach | V10: 5-Ultimate | W10: 5-Ultimate | X10: Medium | Y10: =IFERROR(VLOOKUP(A10,Sheet3!B:H,6,false),VLOOKUP(J10,Sheet2!A:C,2,false)) -> https://assets.roomstogo.com/product/tempur-pedic-probreeze-20-medium-hybrid-twin-xl-mattress_50007511_image-item | Z10: =IFERROR(VLOOKUP(A10,Sheet3!B:H,7,false),VLOOKUP(J10,Sheet2!A:C,3,false)) -> https://assets.roomstogo.com/product/tempur-pedic-probreeze-20-medium-hybrid-twin-xl-mattress_50007511_image-item
A11: 50007523 | B11: 5214 | C11: 4.27 | D11: Mattress Only~Proadapt 2.0 Medium | E11: Mattress Only | F11: Proadapt 2.0 Medium | G11: 5219 | H11: 4.27 | I11: 5 | J11: PROADAPT 2.0 MEDIUM | K11: TWXL PROADAPT MEDIUM | L11: 2899 | M11: 2899 | N11: TEMPURPEDIC | P11: .The removable, machine-washable, and cool-to-the-touch SmartClimate cover features heat-absorbing fibers, drawing heat away from the body for added cooling comfort..Ventilated Advanced Relief Material provides pressure relief and added ventilation for increased airflow..TEMPUR-Material provides one-of-a-kind, body-conforming support by responding to your body's weight, shape, and temperature. | Q11: Adult | R11: Twin XL | S11: Foam | T11: 4-Premier | U11: Side/Back/Stomach | V11: 5-Ultimate | W11: 4-Premier | X11: Medium | Y11: =IFERROR(VLOOKUP(A11,Sheet3!B:H,6,false),VLOOKUP(J11,Sheet2!A:C,2,false)) -> https://assets.roomstogo.com/product/tempur-pedic-proadapt-20-medium-twin-xl-mattress_50007523_image-item | Z11: =IFERROR(VLOOKUP(A11,Sheet3!B:H,7,false),VLOOKUP(J11,Sheet2!A:C,3,false)) -> https://assets.roomstogo.com/product/tempur-pedic-proadapt-20-medium-twin-xl-mattress_50007523_alt-image-1
A12: 50007535 | B12: 72 | C12: 4.31 | D12: Mattress Only~Proadapt 2.0 Soft | E12: Mattress Only | F12: Proadapt 2.0 Soft | G12: 77 | H12: 4.19 | I12: 5 | J12: PROADAPT 2.0 SOFT | K12: TWXL PROADAPT SOFT | L12: 2899 | M12: 2899 | N12: TEMPURPEDIC | P12: .The removable, machine-washable, and cool-to-the-touch SmartClimate cover features heat-absorbing fibers, drawing heat away from the body for added cooling comfort..Specially ventilated TEMPUR-Material delivers additional airflow and breathability, while providing pressure relief and motion absorption..Advanced Relief Material is the most pressure-relieving material made by Tempur-Pedic and conforms to your body for ultimate comfort. | Q12: Adult | R12: Twin XL | S12: Foam | T12: 5-Ultimate | U12: Side/Back | V12: 5-Ultimate | W12: 4-Premier | X12: Soft | Y12: =IFERROR(VLOOKUP(A12,Sheet3!B:H,6,false),VLOOKUP(J12,Sheet2!A:C,2,false)) -> https://assets.roomstogo.com/product/tempur-pedic-proadapt-20-soft-twin-xl-mattress_50007535_image-item | Z12: =IFERROR(VLOOKUP(A12,Sheet3!B:H,7,false),VLOOKUP(J12,Sheet2!A:C,3,false)) -> https://assets.roomstogo.com/product/tempur-pedic-proadapt-20-soft-twin-xl-mattress_50007535_alt-image-1
A13: 50007559 | B13: 960 | C13: 4.38 | D13: Mattress Only~Proadapt 2.0 Medium Hybrid | E13: Mattress Only | F13: Proadapt 2.0 Medium Hybrid | G13: 975 | H13: 4.38 | I13: 15 | J13: PROADAPT 2.0 MEDIUM HYBRID | K13: TWXL PROADAPT MEDIUM HYBRID | L13: 2899 | M13: 2899 | N13: TEMPURPEDIC | P13: .The removable, machine-washable, and cool-to-the-touch SmartClimate cover features heat-absorbing fibers, drawing heat away from the body for added cooling comfort..Specially ventilated TEMPUR-Material delivers additional airflow and breathability, while providing pressure relief and motion absorption..Advanced Relief Material is the most pressure-relieving material made by Tempur-Pedic and contours to your body for ultimate comfort. .Hybrid technology mixes premium innersprings with one-of-a-kind Tempur-Pedic materials to deliver the right combination of relief and support. | Q13: Adult | R13: Twin XL | S13: Hybrid | T13: 4-Premier | U13: Side/Back/Stomach | V13: 5-Ultimate | W13: 4-Premier | X13: Medium | Y13: =IFERROR(VLOOKUP(A13,Sheet3!B:H,6,false),VLOOKUP(J13,Sheet2!A:C,2,false)) -> https://assets.roomstogo.com/product/tempur-pedic-proadapt-20-medium-hybrid-twin-xl-mattress_50007559_image-item | Z13: =IFERROR(VLOOKUP(A13,Sheet3!B:H,7,false),VLOOKUP(J13,Sheet2!A:C,3,false)) -> https://assets.roomstogo.com/product/tempur-pedic-proadapt-20-medium-hybrid-twin-xl-mattress_50007559_alt-image-1
A14: 50007561 | B14: 1233 | C14: 4.24 | D14: Mattress Only~Luxeadapt 2.0 Soft | E14: Mattress Only | F14: Luxeadapt 2.0 Soft | G14: 1234 | H14: 4.24 | I14: 1 | J14: LUXEADAPT 2.0 SOFT | K14: TWXL LUXEADAPT SOFT | L14: 4199 | M14: 4199 | N14: TEMPURPEDIC | P14: .The removable, machine-washable, and cool-to-the-touch SmartClimate cover features heat-absorbing fibers, drawing heat away from the body for added cooling comfort..Specially ventilated TEMPUR-Material delivers additional airflow and breathability, while providing pressure relief and motion absorption..Advanced Relief Material is the most pressure-relieving material made by Tempur-Pedic and contours to your body for ultimate comfort. .An ergonomic 5-zone support layer conforms to your body for targeted support in the spine, hips, and shoulders for personalized comfort. | Q14: Adult | R14: Twin XL | S14: Foam | T14: 5-Ultimate | U14: Side/Back | V14: 5-Ultimate | W14: 4-Premier | X14: Soft | Y14: =IFERROR(VLOOKUP(A14,Sheet3!B:H,6,false),VLOOKUP(J14,Sheet2!A:C,2,false)) -> https://assets.roomstogo.com/product/tempur-pedic-luxeadapt-20-soft-twin-xl-mattress_50007561_image-item | Z14: =IFERROR(VLOOKUP(A14,Sheet3!B:H,7,false),VLOOKUP(J14,Sheet2!A:C,3,false)) -> https://assets.roomstogo.com/product/tempur-pedic-luxeadapt-20-soft-twin-xl-mattress_50007561_alt-image-1
A15: 50007585 | B15: 125 | C15: 4.61 | D15: Mattress Only~Luxeadapt 2.0 Medium Hybrid | E15: Mattress Only | F15: Luxeadapt 2.0 Medium Hybrid | G15: 129 | H15: 4.62 | I15: 4 | J15: LUXEADAPT 2.0 MEDIUM HYBRID | K15: TWXL LUXEADAPT MEDIUM HYBRID | L15: 4199 | M15: 4199 | N15: TEMPURPEDIC | P15: .The removable, machine-washable, and cool-to-the-touch SmartClimate cover features heat-absorbing fibers, drawing heat away from the body for added cooling comfort..Specially ventilated TEMPUR-Material delivers additional airflow and breathability, while providing pressure relief and motion absorption..Advanced Relief Material is the most pressure-relieving material made by Tempur-Pedic and contours to your body for ultimate comfort. .Hybrid technology mixes premium innersprings with a proprietary hybrid material to deliver a lighter, more-responsive feel that helps support any sleep position. | Q15: Adult | R15: Twin XL | S15: Hybrid | T15: 5-Ultimate | U15: Side/Back/Stomach | V15: 5-Ultimate | W15: 4-Premier | X15: Medium | Y15: =IFERROR(VLOOKUP(A15,Sheet3!B:H,6,false),VLOOKUP(J15,Sheet2!A:C,2,false)) -> https://assets.roomstogo.com/product/tempur-pedic-luxeadapt-20-medium-hybrid-twin-xl-mattress_50007585_image-item | Z15: =IFERROR(VLOOKUP(A15,Sheet3!B:H,7,false),VLOOKUP(J15,Sheet2!A:C,3,false)) -> https://assets.roomstogo.com/product/tempur-pedic-luxeadapt-20-medium-hybrid-twin-xl-mattress_50007585_alt-image-1
A16: 50007624 | B16: 434 | C16: 4.54 | D16: Mattress Only~Luxebreeze 2.0 Firm | E16: Mattress Only | F16: Luxebreeze 2.0 Firm | G16: 440 | H16: 4.54 | I16: 6 | J16: LUXEBREEZE 2.0 FIRM | K16: TWXL LUXEBREEZE FIRM | L16: 5199 | M16: 5199 | N16: TEMPURPEDIC | P16: The all-new TEMPUR-LuxeBreeze mattress feels up to 10 cooler. Features advanced Pure Cool Plus material designed to pull heat away from the body so even the hottest sleepers can stay cool throughout the night. One-of-a-kind Tempur-Pedic Ventilated Advanced Relief material increases airflow throughout the mattress for a deeper, more restful sleep. | Q16: Adult | R16: Twin XL | S16: Foam | T16: 5-Ultimate | U16: Stomach/Back | V16: 5-Ultimate | W16: 5-Ultimate | X16: Firm | Y16: =IFERROR(VLOOKUP(A16,Sheet3!B:H,6,false),VLOOKUP(J16,Sheet2!A:C,2,false)) -> https://assets.roomstogo.com/product/tempur-pedic-luxebreeze-20-firm-twin-xl-mattress_50007624_image-item | Z16: =IFERROR(VLOOKUP(A16,Sheet3!B:H,7,false),VLOOKUP(J16,Sheet2!A:C,3,false)) -> https://assets.roomstogo.com/product/tempur-pedic-luxebreeze-20-firm-twin-xl-mattress_50007624_image-item
A17: 50009870 | J17: TUFT & NEEDLE STITCH TN3.1 | K17: TWX T&N TN3.1 | L17: 797 | M17: 999 | N17: TUFT & NEEDLE | O17: P | Q17: Adult | R17: Twin XL | S17: Hybrid | T17: 3-Superior | U17: Side/Back/Stomach | V17: 3-Superior | W17: 3-Superior | X17: Medium | Y17: =IFERROR(VLOOKUP(A17,Sheet3!B:H,6,false),VLOOKUP(J17,Sheet2!A:C,2,false)) -> https://assets.roomstogo.com/product/tuft-needle-stitch-tn31-twin-xl-mattress_50009870_image-item | Z17: =IFERROR(VLOOKUP(A17,Sheet3!B:H,7,false),VLOOKUP(J17,Sheet2!A:C,3,false)) -> https://assets.roomstogo.com/product/tuft-needle-stitch-tn31-twin-xl-mattress_50009870_alt-image-1
A18: 50009882 | J18: TUFT & NEEDLE STITCH TN5.1 | K18: TWX T&N TN5.1 | L18: 795 | M18: 1399 | N18: TUFT & NEEDLE | O18: P | Q18: Adult | R18: Twin XL | S18: Hybrid | T18: 4-Premier | U18: Stomach/Back | V18: 4-Premier | W18: 4-Premier | X18: Firm | Y18: =IFERROR(VLOOKUP(A18,Sheet3!B:H,6,false),VLOOKUP(J18,Sheet2!A:C,2,false)) -> https://assets.roomstogo.com/product/tuft-needle-stitch-tn51-twin-xl-mattress_50009882_image-item | Z18: =IFERROR(VLOOKUP(A18,Sheet3!B:H,7,false),VLOOKUP(J18,Sheet2!A:C,3,false)) -> https://assets.roomstogo.com/product/tuft-needle-stitch-tn51-twin-xl-mattress_50009882_alt-image-1
A19: 50009907 | J19: TUFT & NEEDLE STITCH TN9.1 | K19: TWX T&N TN9.1 | L19: 1597 | M19: 2099 | N19: TUFT & NEEDLE | O19: P | Q19: Adult | R19: Twin XL | S19: Hybrid | T19: 5-Ultimate | U19: Side/Back | V19: 4-Premier | W19: 4-Premier | X19: Soft | Y19: =IFERROR(VLOOKUP(A19,Sheet3!B:H,6,false),VLOOKUP(J19,Sheet2!A:C,2,false)) -> https://assets.roomstogo.com/product/tuft-needle-stitch-tn91-twin-xl-mattress_50009907_image-item | Z19: =IFERROR(VLOOKUP(A19,Sheet3!B:H,7,false),VLOOKUP(J19,Sheet2!A:C,3,false)) -> https://assets.roomstogo.com/product/tuft-needle-stitch-tn91-twin-xl-mattress_50009907_alt-image-1
A20: 50009933 | J20: TUFT & NEEDLE TN1 | K20: TWX T&N TN1 | L20: 577 | M20: 699 | N20: TUFT & NEEDLE | O20: P | P20: Reclaim your nights and wake refreshed for your days with the Tuft & Needle TN1 12 Firm mattress. Available in a standard flat-mattress construction, this mattress offers innovative cooling, responsive pressure relief, and the bounce back support of T&N Adaptive foam, so you can sink deeply into sleep-but never into your mattress. Unlike memory foam, Tuft & Needle's T&N Adaptive foam doesn't sink under your weight. Instead, it keeps you lifted while contouring to relieve pressure where you need it most. Rest easy as this ventilated foam helps channel airflow through the mattress and a breathable cover helps you sleep comfortably. Plus, feel cool as T&N AdaptiveCool gel foam technology, designed to help absorb heat, is ribboned across the center-third of the mattress to promote optimal cooling. With the addition of comfortable support foams, each Tuft & Needle TN1 12 Firm flat-mattress protects your rest so you can wake up refreshed and ready for the day. | Q20: Adult | R20: Twin XL | S20: Foam | T20: 2-Good | U20: Stomach/Back | V20: 2-Good | W20: 2-Good | X20: Firm | Y20: =IFERROR(VLOOKUP(A20,Sheet3!B:H,6,false),VLOOKUP(J20,Sheet2!A:C,2,false)) -> https://assets.roomstogo.com/product/tuft-needle-tn1-twin-xl-mattress_50009933_image-item | Z20: =IFERROR(VLOOKUP(A20,Sheet3!B:H,7,false),VLOOKUP(J20,Sheet2!A:C,3,false)) -> https://assets.roomstogo.com/product/tuft-needle-tn1-twin-xl-mattress_50009933_alt-image-1
A21: 50010570 | J21: MOLECULE CORE | K21: TWXL MOLECULE CORE | L21: 447 | M21: 949 | N21: MOLECULE | R21: Twin XL | S21: Foam | T21: 3-Superior | U21: Side/Back/Stomach | V21: 3-Superior | W21: 3-Superior | X21: Medium | Y21: =IFERROR(VLOOKUP(A21,Sheet3!B:H,6,false),VLOOKUP(J21,Sheet2!A:C,2,false)) -> https://assets.roomstogo.com/product/molecule-core-twin-xl-mattress_50010570_image-item | Z21: =IFERROR(VLOOKUP(A21,Sheet3!B:H,7,false),VLOOKUP(J21,Sheet2!A:C,3,false)) -> https://assets.roomstogo.com/product/molecule-core-twin-xl-mattress_50010570_alt-image-1
A22: 50010671 | B22: 2 | C22: 3 | D22: Mattress Only~Broad Peak Medium Hybrid | E22: Mattress Only | F22: Broad Peak Medium Hybrid | G22: 192 | H22: 4.4 | I22: 190 | J22: BROAD PEAK MEDIUM HYBRID | K22: TWXL BROAD PEAK | L22: 695 | M22: 849.99 | N22: BEAUTYREST SELECT | O22: P | P22: Developed by the pioneer of the hybrid mattress, the new Beautyrest Select Hybrid line offers consistent that conforms to your body, allowing you to find your optimal sleep position. The superior stretch and recovery surface adapts with you throughout the night, enabling you to engage more closely with the pressure relieving memory foams for a deep, easy sleep. This unique construction enhances the benefits of both our Pocketed Coil Technology and gel memory foams to provide comfort and breathability. | Q22: Adult | R22: Twin XL | S22: Hybrid | T22: 3-Superior | U22: Side/Back/Stomach | V22: 3-Superior | W22: 3-Superior | X22: Medium | Y22: =IFERROR(VLOOKUP(A22,Sheet3!B:H,6,false),VLOOKUP(J22,Sheet2!A:C,2,false)) -> https://assets.roomstogo.com/product/beautyrest-select-broad-peak-medium-hybrid-twin-xl-mattress_50010671_image-item | Z22: =IFERROR(VLOOKUP(A22,Sheet3!B:H,7,false),VLOOKUP(J22,Sheet2!A:C,3,false)) -> https://assets.roomstogo.com/product/beautyrest-select-broad-peak-medium-hybrid-twin-xl-mattress_50010671_alt-image-1
A23: 50011053 | J23: BAY DREAMER | K23: TWX BAY DREAMER | L23: 445 | M23: 549.99 | N23: TOMMY BAHAMA | O23: P | Q23: Kid | R23: Twin XL | S23: Innerspring | T23: 2-Good | U23: Side/Back | V23: 4-Premier | W23: 2-Good | X23: Soft | Y23: =IFERROR(VLOOKUP(A23,Sheet3!B:H,6,false),VLOOKUP(J23,Sheet2!A:C,2,false)) -> https://assets.roomstogo.com/product/tommy-bahama-bay-dreamer-twin-mattress_50111055_image-item | Z23: =IFERROR(VLOOKUP(A23,Sheet3!B:H,7,false),VLOOKUP(J23,Sheet2!A:C,3,false)) -> https://assets.roomstogo.com/product/tommy-bahama-bay-dreamer-twin-mattress_50111055_alt-image-1
A24: 50011065 | J24: MAKE WAVES | K24: TWX MAKE WAVES | L24: 495 | M24: 599.99 | N24: TOMMY BAHAMA | O24: P | Q24: Kid | R24: Twin XL | S24: Hybrid | T24: 2-Good | U24: Stomach/Back | V24: 4-Premier | W24: 2-Good | X24: Firm | Y24: =IFERROR(VLOOKUP(A24,Sheet3!B:H,6,false),VLOOKUP(J24,Sheet2!A:C,2,false)) -> https://assets.roomstogo.com/product/tommy-bahama-make-waves-twin-mattress_50111067_image-item | Z24: =IFERROR(VLOOKUP(A24,Sheet3!B:H,7,false),VLOOKUP(J24,Sheet2!A:C,3,false)) -> https://assets.roomstogo.com/product/tommy-bahama-make-waves-twin-mattress_50111067_alt-image-1
A25: 50011077 | J25: SEASIDE SERENITY | K25: TWX SEASIDE SERENITY | L25: 595 | M25: 699.99 | N25: TOMMY BAHAMA | O25: P | Q25: Kid | R25: Twin XL | S25: Innerspring | T25: 2-Good | U25: Side/Back/Stomach | V25: 4-Premier | W25: 2-Good | X25: Medium | Y25: =IFERROR(VLOOKUP(A25,Sheet3!B:H,6,false),VLOOKUP(J25,Sheet2!A:C,2,false)) -> https://assets.roomstogo.com/product/tommy-bahama-seaside-serenity-twin-mattress_50111079_image-item | Z25: =IFERROR(VLOOKUP(A25,Sheet3!B:H,7,false),VLOOKUP(J25,Sheet2!A:C,3,false)) -> https://assets.roomstogo.com/product/tommy-bahama-seaside-serenity-twin-mattress_50111079_alt-image-1
A26: 50011344 | B26: 1 | C26: 5 | D26: Mattress Only~Forester | E26: Mattress Only | F26: Forester | G26: 10 | H26: 4.2 | I26: 9 | J26: FORESTER | K26: TWX FORESTER | L26: 647 | M26: 849.99 | N26: THERAPEDIC | O26: P | Q26: Adult | R26: Twin XL | S26: Innerspring | T26: 2-Good | U26: Stomach/Back | V26: 3-Superior | W26: 2-Good | X26: Extra Firm | Y26: =IFERROR(VLOOKUP(A26,Sheet3!B:H,6,false),VLOOKUP(J26,Sheet2!A:C,2,false)) -> https://assets.roomstogo.com/product/therapedic-forester-twin-xl-mattress_50011344_image-item | Z26: =IFERROR(VLOOKUP(A26,Sheet3!B:H,7,false),VLOOKUP(J26,Sheet2!A:C,3,false)) -> https://assets.roomstogo.com/product/therapedic-forester-twin-xl-mattress_50011344_alt-image-1
A27: 50011368 | J27: DARLINGTON | K27: TWX DARLINGTON | L27: 547 | M27: 649.99 | N27: THERAPEDIC | O27: P | Q27: Adult | R27: Twin XL | S27: Innerspring | T27: 2-Good | U27: Side/Back/Stomach | V27: 2-Good | W27: 3-Superior | X27: Medium | Y27: =IFERROR(VLOOKUP(A27,Sheet3!B:H,6,false),VLOOKUP(J27,Sheet2!A:C,2,false)) -> https://assets.roomstogo.com/product/therapedic-darlington-twin-xl-mattress_50011368_image-item | Z27: =IFERROR(VLOOKUP(A27,Sheet3!B:H,7,false),VLOOKUP(J27,Sheet2!A:C,3,false)) -> https://assets.roomstogo.com/product/therapedic-darlington-twin-xl-mattress_50011368_alt-image-1
A28: 50011382 | J28: HASTINGS | K28: TWXL HASTINGS | L28: 627 | M28: 949.99 | N28: THERAPEDIC HYBRID | O28: P | R28: Twin XL | S28: Hybrid | T28: 2-Good | U28: Side/Back | V28: 3-Superior | W28: 3-Superior | X28: Soft | Y28: =IFERROR(VLOOKUP(A28,Sheet3!B:H,6,false),VLOOKUP(J28,Sheet2!A:C,2,false)) -> https://assets.roomstogo.com/product/therapedic-hastings-twin-xl-mattress_50011382_image-item | Z28: =IFERROR(VLOOKUP(A28,Sheet3!B:H,7,false),VLOOKUP(J28,Sheet2!A:C,3,false)) -> https://assets.roomstogo.com/product/therapedic-hastings-twin-xl-mattress_50011382_alt-image-1
A29: 50011457 | J29: KAANAPALI | K29: TWXL KAANAPALI | L29: 1249.99 | M29: 1249.99 | N29: THERAPEDIC HYBRID | O29: P | Q29: Adult | R29: Twin XL | S29: Hybrid | T29: 3-Superior | U29: Stomach/Back | V29: 4-Premier | W29: 3-Superior | X29: Firm | Y29: =IFERROR(VLOOKUP(A29,Sheet3!B:H,6,false),VLOOKUP(J29,Sheet2!A:C,2,false)) -> https://assets.roomstogo.com/product/therapedic-kaanapali-twin-xl-mattress_50011457_image-item | Z29: =IFERROR(VLOOKUP(A29,Sheet3!B:H,7,false),VLOOKUP(J29,Sheet2!A:C,3,false)) -> https://assets.roomstogo.com/product/therapedic-kaanapali-twin-xl-mattress_50011457_alt-image-1
A30: 50011495 | B30: 1 | C30: 5 | D30: Mattress Only~Ledo | E30: Mattress Only | F30: Ledo | G30: 13 | H30: 3.92 | I30: 12 | J30: LEDO | K30: TWXL LEDO | L30: 1449.99 | M30: 1449.99 | N30: THERAPEDIC HYBRID | O30: P | Q30: Adult | R30: Twin XL | S30: Hybrid | T30: 4-Premier | U30: Side/Back/Stomach | V30: 4-Premier | W30: 3-Superior | X30: Medium | Y30: =IFERROR(VLOOKUP(A30,Sheet3!B:H,6,false),VLOOKUP(J30,Sheet2!A:C,2,false)) -> https://assets.roomstogo.com/product/therapedic-ledo-twin-xl-mattress_50011495_image-item | Z30: =IFERROR(VLOOKUP(A30,Sheet3!B:H,7,false),VLOOKUP(J30,Sheet2!A:C,3,false)) -> https://assets.roomstogo.com/product/therapedic-ledo-twin-xl-mattress_50011495_alt-image-1
A31: 50020862 | J31: CAPERTEE | K31: TWXL CAPERTEE | L31: 797 | M31: 1099.99 | N31: DREW & JONATHAN | O31: P | Q31: Adult | R31: Twin XL | S31: Innerspring | T31: 3-Superior | U31: Side/Back/Stomach | V31: 3-Superior | W31: 3-Superior | X31: Medium | Y31: =IFERROR(VLOOKUP(A31,Sheet3!B:H,6,false),VLOOKUP(J31,Sheet2!A:C,2,false)) -> https://assets.roomstogo.com/product/drew-jonathan-capertee-twin-xl-mattress_50020862_image-item | Z31: =IFERROR(VLOOKUP(A31,Sheet3!B:H,7,false),VLOOKUP(J31,Sheet2!A:C,3,false)) -> https://assets.roomstogo.com/product/drew-jonathan-capertee-twin-xl-mattress_50020862_alt-image-1
A32: 50020925 | J32: ARADA CANYON | K32: TWXL ARADA CANYON | L32: 1297 | M32: 1599.99 | N32: DREW & JONATHAN | O32: P | Q32: Adult | R32: Twin XL | S32: Innerspring | T32: 4-Premier | U32: Side/Back | V32: 3-Superior | W32: 3-Superior | X32: Soft | Y32: =IFERROR(VLOOKUP(A32,Sheet3!B:H,6,false),VLOOKUP(J32,Sheet2!A:C,2,false)) -> https://assets.roomstogo.com/product/drew-jonathan-arada-canyon-twin-xl-mattress_50020925_image-item | Z32: =IFERROR(VLOOKUP(A32,Sheet3!B:H,7,false),VLOOKUP(J32,Sheet2!A:C,3,false)) -> https://assets.roomstogo.com/product/drew-jonathan-arada-canyon-twin-xl-mattress_50020925_alt-image-1
A33: 50022210 | B33: 2 | C33: 5 | D33: Mattress Only~Oceana Mist | E33: Mattress Only | F33: Oceana Mist | G33: 28 | H33: 4.71 | I33: 26 | J33: OCEANA MIST | K33: TWX OCEANA MIST | L33: 377 | M33: 679.99 | N33: BEAUTYSLEEP | O33: P | P33: The Beauty Sleep Oceana Mist 11.5 Medium Hybrid mattress is designed for your lifestyle. With a smooth top panel, the Beauty Sleep Oceana Mist 11.5 Medium Hybrid mattress features AllCool Gel Foam and AllCool Gel Memory Foam that contours to your body for the ultimate pressure relief. Premium foams provide a responsive sleep surface for all-night comfort, support, airflow, and breathability. Plus, firm 815 Original Beauty Sleep Pocketed Coils provide consistent, supportive sleep at a value designed for your lifestyle. Medium Smooth Top Hybrid mattress. | Q33: Adult | R33: Twin XL | S33: Hybrid | T33: 2-Good | U33: Side/Back/Stomach | V33: 3-Superior | W33: 2-Good | X33: Medium | Y33: =IFERROR(VLOOKUP(A33,Sheet3!B:H,6,false),VLOOKUP(J33,Sheet2!A:C,2,false)) -> https://assets.roomstogo.com/product/beauty-sleep-oceana-mist-medium-hybrid-twin-xl-mattress_50022210_image-item | Z33: =IFERROR(VLOOKUP(A33,Sheet3!B:H,7,false),VLOOKUP(J33,Sheet2!A:C,3,false)) -> https://assets.roomstogo.com/product/beauty-sleep-oceana-mist-medium-hybrid-twin-xl-mattress_50022210_alt-image-8
A34: 50025747 | B34: 1 | C34: 1 | D34: Mattress Only~Level Three Plush | E34: Mattress Only | F34: Level Three Plush | G34: 13 | H34: 4.08 | I34: 12 | J34: LEVEL THREE PLUSH | K34: TWXL WORLD CLASS LEVEL THREE PLUSH | L34: 1329 | M34: 1329 | N34: BEAUTYREST WORLD CLASS | P34: Step up to a world class sleep experience with Beautyrest World Class. Provides cushy comfort that responds to movement with a soft-yet-supportive feel. InfiniCool MAX Technology adds advanced cooling with vertical cooling fibers. SurfaceTouch Gel Memory Foam is quilted into the sleep surface to unlock immediate, advanced comfort. World Class Relief HD Foam, featured in all level three Beautyrest mattresses, adapts to body temperature, providing responsive pressure relief. Beautyrest ActiveResponse MAX HD Memory Foam creates high-density contouring to help alleviate aches and pains. 1000-density Pocketed Coil Technology and higher density foams offer individualized support motion separation. | Q34: Adult | R34: Twin XL | S34: Innerspring | T34: 4-Premier | U34: Side/Back | V34: 4-Premier | W34: 4-Premier | X34: Soft | Y34: =IFERROR(VLOOKUP(A34,Sheet3!B:H,6,false),VLOOKUP(J34,Sheet2!A:C,2,false)) -> https://assets.roomstogo.com/product/beautyrest-world-class-level-three-plush-twin-xl-mattress_50025747_image-item | Z34: =IFERROR(VLOOKUP(A34,Sheet3!B:H,7,false),VLOOKUP(J34,Sheet2!A:C,3,false)) -> https://assets.roomstogo.com/product/beautyrest-world-class-level-three-plush-twin-xl-mattress_50025747_alt-image-13
A35: 50025759 | J35: LEVEL THREE MEDIUM PILLOWTOP | K35: TWXL WORLD CLASS LEVEL THREE MED PT | L35: 1529 | M35: 1529 | N35: BEAUTYREST WORLD CLASS | P35: Step up to a world class sleep experience with Beautyrest World Class. Provides medium support with just the right amount of pressure relief and cloud-like top layer. InfiniCool MAX Technology adds advanced cooling combined with natural lux fibers for added surface breathability. SurfaceTouch Gel Memory Foam is quilted into the sleep surface to unlock immediate, advanced comfort. GelTouch Foam helps provide comfort, support, airflow and breathability. World Class Relief HD Foam, featured in all level three Beautyrest mattresses, adapts to body temperature, providing responsive pressure relief. Beautyrest ActiveResponse MAX HD Memory Foam creates high-density contouring to help alleviate aches and pains. 1000-density Pocketed Coil Technology and higher density foams offer individualized support motion separation. | Q35: Adult | R35: Twin XL | S35: Innerspring | T35: 4-Premier | U35: Side/Back/Stomach | V35: 4-Premier | W35: 4-Premier | X35: Medium | Y35: =IFERROR(VLOOKUP(A35,Sheet3!B:H,6,false),VLOOKUP(J35,Sheet2!A:C,2,false)) -> https://assets.roomstogo.com/product/beautyrest-world-class-level-three-medium-pillow-top-twin-xl-mattress_50025759_image-item | Z35: =IFERROR(VLOOKUP(A35,Sheet3!B:H,7,false),VLOOKUP(J35,Sheet2!A:C,3,false)) -> https://assets.roomstogo.com/product/beautyrest-world-class-level-three-medium-pillow-top-twin-xl-mattress_50025759_alt-image-13
A36: 50025800 | J36: LEVEL FOUR PLUSH PILLOWTOP | K36: TWXL WORLD CLASS LEVEL FOUR PLUSH PT | L36: 1829 | M36: 1829 | N36: BEAUTYREST WORLD CLASS | P36: Step up to a world class sleep experience with Beautyrest World Class. Provides cushy comfort that responds to movement with a soft-yet-supportive feel and a cloud-like top layer. InfiniCool MAX Technology adds advanced cooling with vertical cooling fibers. Level Four mattresses feature twice the SurfaceTouch Gel Memory Foam, unlocking even more pressure relief right at the surface. World Class Relief HD Foam, featured in all level four Beautyrest mattresses, offers remarkable pressure relief that responds to your body. Beautyrest ActiveResponse MAX HD Memory Foam helps alleviate aches and pains withhigh-density contouring. 1000-density Pocketed Coil Technology and higher density foams offer individualized support motion separation. | Q36: Adult | R36: Twin XL | S36: Innerspring | T36: 5-Ultimate | U36: Side/Back | V36: 4-Premier | W36: 4-Premier | X36: Soft | Y36: =IFERROR(VLOOKUP(A36,Sheet3!B:H,6,false),VLOOKUP(J36,Sheet2!A:C,2,false)) -> https://assets.roomstogo.com/product/beautyrest-world-class-level-four-plush-pillow-top-twin-xl-mattress_50025800_image-item | Z36: =IFERROR(VLOOKUP(A36,Sheet3!B:H,7,false),VLOOKUP(J36,Sheet2!A:C,3,false)) -> https://assets.roomstogo.com/product/beautyrest-world-class-level-four-plush-pillow-top-twin-xl-mattress_50025800_alt-image-13
A37: 50028957 | J37: KERRY PARK | K37: TWX KERRY PARK | L37: 877 | M37: 1479 | N37: CORRECT COMFORT | O37: P | Q37: Adult | R37: Twin XL | S37: Innerspring | T37: 4-Premier | U37: Side/Back | V37: 3-Superior | W37: 3-Superior | X37: Extra Soft | Y37: =IFERROR(VLOOKUP(A37,Sheet3!B:H,6,false),VLOOKUP(J37,Sheet2!A:C,2,false)) -> https://assets.roomstogo.com/product/sealy-correct-comfort-kerry-park-twin-xl-mattress_50028957_image-item | Z37: =IFERROR(VLOOKUP(A37,Sheet3!B:H,7,false),VLOOKUP(J37,Sheet2!A:C,3,false)) -> https://assets.roomstogo.com/product/sealy-correct-comfort-kerry-park-twin-xl-mattress_50028957_alt-image-1
A38: 50028969 | B38: 1 | C38: 5 | D38: Mattress Only~Bradford Hill | E38: Mattress Only | F38: Bradford Hill | G38: 12 | H38: 4.83 | I38: 11 | J38: BRADFORD HILL | K38: TWX BRADFORD HILL | L38: 645 | M38: 749 | N38: CORRECT COMFORT | O38: P | Q38: Adult | R38: Twin XL | S38: Foam | T38: 3-Superior | U38: Side/Back/Stomach | V38: 3-Superior | W38: 2-Good | X38: Medium | Y38: =IFERROR(VLOOKUP(A38,Sheet3!B:H,6,false),VLOOKUP(J38,Sheet2!A:C,2,false)) -> https://assets.roomstogo.com/product/sealy-correct-comfort-bradford-hill-twin-xl-mattress_50028969_image-item | Z38: =IFERROR(VLOOKUP(A38,Sheet3!B:H,7,false),VLOOKUP(J38,Sheet2!A:C,3,false)) -> https://assets.roomstogo.com/product/sealy-correct-comfort-bradford-hill-twin-xl-mattress_50028969_alt-image-1
A39: 50028971 | J39: NORTHGATE | K39: TWX NORTHGATE | L39: 977 | M39: 1779 | N39: CORRECT COMFORT | O39: P | R39: Twin XL | S39: Foam | T39: 4-Premier | U39: Side/Back/Stomach | V39: 3-Superior | W39: 3-Superior | X39: Medium | Y39: =IFERROR(VLOOKUP(A39,Sheet3!B:H,6,false),VLOOKUP(J39,Sheet2!A:C,2,false)) -> https://assets.roomstogo.com/product/posturepedic-northgate-twin-xl-mattress_50028971_image-item | Z39: =IFERROR(VLOOKUP(A39,Sheet3!B:H,7,false),VLOOKUP(J39,Sheet2!A:C,3,false)) -> https://assets.roomstogo.com/product/posturepedic-northgate-twin-xl-mattress_50028971_alt-image-1
A40: 50029175 | J40: BRIERWOOD | K40: TWXL BRIERWOOD | L40: 597 | M40: 719 | N40: POSTUREPEDIC | O40: P | P40: The Sealy Posturepedic Briarwood Medium mattress offers lasting comfort and superior support to help maintain natural body alignment and reduce nagging Bed Aches. The orthopedic-inspired Posturepedic Support System features exclusive PrecisionFit Coils, arranged right where you need them. Plus the Coil Edge provides a solid surface that's built to last. | Q40: Adult | R40: Twin XL | S40: Innerspring | T40: 2-Good | U40: Side/Back/Stomach | V40: 2-Good | W40: 2-Good | X40: Medium | Y40: =IFERROR(VLOOKUP(A40,Sheet3!B:H,6,false),VLOOKUP(J40,Sheet2!A:C,2,false)) -> https://assets.roomstogo.com/product/sealy-posturepedic-brierwood-twin-xl-mattress_50029175_image-item | Z40: =IFERROR(VLOOKUP(A40,Sheet3!B:H,7,false),VLOOKUP(J40,Sheet2!A:C,3,false)) -> https://assets.roomstogo.com/product/sealy-posturepedic-brierwood-twin-xl-mattress_50029175_alt-image-1
A41: 50029202 | J41: CASTLE ROCK | K41: TWXL CASTLE ROCK | L41: 917 | M41: 1119 | N41: POSTUREPEDIC PLUS | O41: P | P41: The Sealy Posturepedic Castle Rock Medium EPT mattress delivers pressure-relieving comfort to help maintain natural body alignment and reduce nagging Bed Aches night after night. The orthopedic-inspired Posturepedic Plus Support System features exclusive PrecisionFit Coils, arranged right where you need them. Plus, the DuraFlex Coil Edge provides a reinforced solid surface that's built to last. | Q41: Adult | R41: Twin XL | S41: Innerspring | T41: 3-Superior | U41: Side/Back/Stomach | V41: 3-Superior | W41: 2-Good | X41: Medium | Y41: =IFERROR(VLOOKUP(A41,Sheet3!B:H,6,false),VLOOKUP(J41,Sheet2!A:C,2,false)) -> https://assets.roomstogo.com/product/sealy-posturepedic-castle-rock-twin-xl-mattress_50029202_image-item | Z41: =IFERROR(VLOOKUP(A41,Sheet3!B:H,7,false),VLOOKUP(J41,Sheet2!A:C,3,false)) -> https://assets.roomstogo.com/product/sealy-posturepedic-castle-rock-twin-xl-mattress_50029202_alt-image-1
A42: 50029214 | J42: PEBBLEBROOK | K42: TWXL PEBBLEBROOK | L42: 997 | M42: 1219 | N42: POSTUREPEDIC PRO | P42: The Sealy Posturepedic Pebblebrook Medium mattress offers pressure-relieving comfort and targeted support to help maintain natural body alignment and reduce nagging Bed Aches night after night. The orthopedic-inspired Posturepedic Pro Support System features exclusive PrecisionFit Coils enhanced by MaxSupport Technology for all-over support. And the DuraFlex Coil Edge provides a reinforced solid surface that's built to last. | Q42: Adult | R42: Twin XL | S42: Innerspring | T42: 3-Superior | U42: Side/Back/Stomach | V42: 4-Premier | W42: 3-Superior | X42: Medium | Y42: =IFERROR(VLOOKUP(A42,Sheet3!B:H,6,false),VLOOKUP(J42,Sheet2!A:C,2,false)) -> https://assets.roomstogo.com/product/sealy-posturepedic-pebblebrook-twin-xl-mattress_50029214_image-item | Z42: =IFERROR(VLOOKUP(A42,Sheet3!B:H,7,false),VLOOKUP(J42,Sheet2!A:C,3,false)) -> https://assets.roomstogo.com/product/sealy-posturepedic-pebblebrook-twin-xl-mattress_50029214_alt-image-1
A43: 50037057 | B43: 330 | C43: 4.55 | D43: Mattress Only~Series One Extra Firm | E43: Mattress Only | F43: Series One Extra Firm | G43: 347 | H43: 4.52 | I43: 17 | J43: SERIES ONE EXTRA FIRM | K43: TWX SERIES ONE EXTRA FIRM | L43: 1549 | M43: 1549 | N43: BEAUTYREST BLACK | P43: Experience extraordinary sleep at the intersection of luxury and innovation with the Beautyrest Black Collection's premier materials and advanced sleep technology. Triple-Stranded Pocketed Coil Technology offers our highest level of individualized support and motion separation, so you can rest undisturbed. Specialized vertical fibers combine with an applied surface-cooling technology to help transfer heat away from the body all night. Contouring foam adheres to the shape of your body for exceptional pressure relief. High-density, firm-feel comfort foam provides a unique combination of comfort and support night after night. A unique, channeled design promotes airflow for cool, enhanced pressure relief. All foams are CertiPUR-US certified. Our mattresses are proudly assembled in the USA. Adjustable base compatible. | Q43: Adult | R43: Twin XL | S43: Innerspring | T43: 3-Superior | U43: Stomach/Back | V43: 5-Ultimate | W43: 4-Premier | X43: Extra Firm | Y43: =IFERROR(VLOOKUP(A43,Sheet3!B:H,6,false),VLOOKUP(J43,Sheet2!A:C,2,false)) -> https://assets.roomstogo.com/product/beautyrest-black-series-one-extra-firm-twin-xl-mattress_50037057_image-item | Z43: =IFERROR(VLOOKUP(A43,Sheet3!B:H,7,false),VLOOKUP(J43,Sheet2!A:C,3,false)) -> https://assets.roomstogo.com/product/beautyrest-black-series-one-extra-firm-twin-xl-mattress_50037057_alt-image-1
A44: 50037134 | B44: 130 | C44: 4.62 | D44: Mattress Only~Series Two Medium | E44: Mattress Only | F44: Series Two Medium | G44: 137 | H44: 4.58 | I44: 7 | J44: SERIES TWO MEDIUM | K44: TWX SERIES TWO MEDIUM TT | L44: 2549 | M44: 2549 | N44: BEAUTYREST BLACK | P44: Experience extraordinary sleep at the intersection of luxury and innovation with the Beautyrest Black Collection's premier materials and advanced sleep features. Triple-Stranded Pocketed Coil Technology offers our highest level of individualized support and motion separation, so you can rest undisturbed. Specialized vertical fibers combine with an applied surface-cooling technology to help transfer heat away from the body all night. A supportive foam layer quilted into the sleep surface unlocks advanced pressure relief. Micro Diamond Memory Foam, infused with diamond particles, helps move heat away from the body for a cool sleep. A unique, channeled design promotes airflow for cool, enhanced pressure relief. All foams are CertiPUR-US certified. Our mattresses are proudly assembled in the USA. Adjustable base friendly - helps reduce snoring and enhance comfort. | Q44: Adult | R44: Twin XL | S44: Innerspring | T44: 4-Premier | U44: Side/Back/Stomach | V44: 5-Ultimate | W44: 4-Premier | X44: Medium | Y44: =IFERROR(VLOOKUP(A44,Sheet3!B:H,6,false),VLOOKUP(J44,Sheet2!A:C,2,false)) -> https://assets.roomstogo.com/product/beautyrest-black-series-two-medium-twin-xl-mattress_50037134_image-item | Z44: =IFERROR(VLOOKUP(A44,Sheet3!B:H,7,false),VLOOKUP(J44,Sheet2!A:C,3,false)) -> https://assets.roomstogo.com/product/beautyrest-black-series-two-medium-twin-xl-mattress_50037134_alt-image-1
A45: 50037223 | B45: 285 | C45: 4.72 | D45: Mattress Only~Series Three Plush Pillow Top | E45: Mattress Only | F45: Series Three Plush Pillow Top | G45: 290 | H45: 4.72 | I45: 5 | J45: SERIES THREE PLUSH PILLOW TOP | K45: TWXL SERIES THREE PLUSH PT | L45: 3649 | M45: 3649 | N45: BEAUTYREST BLACK | P45: Experience extraordinary sleep at the intersection of luxury and innovation with the Beautyrest Black Collection's premier materials and advanced sleep technology. Plus, for an even more luxurious upgrade, Series Three Pillow Top models feature exclusive 2K Nano Coils for enhanced, individualized support throughout the night.Triple-Stranded Pocketed Coil Technology offers our highest level of individualized support and motion separation, so you can rest undisturbed.A layer of specialized foam is quilted into the sleep surface for exceptional pressure relief.A premium memory foam layer, infused with diamond particles, is designed to help move heat away from the body for a cool sleep.Ventilated latex layer maximizes airflow and provides advanced pressure relief.A layer of 2K Nano Coils enhances conformability for increased, individualized support All foams are CertiPUR-US certified.Our mattresses are proudly assembled in the USA.Adjustable base compatible. | Q45: Adult | R45: Twin XL | S45: Innerspring | T45: 5-Ultimate | U45: Side/Back | V45: 5-Ultimate | W45: 4-Premier | X45: Soft | Y45: =IFERROR(VLOOKUP(A45,Sheet3!B:H,6,false),VLOOKUP(J45,Sheet2!A:C,2,false)) -> https://assets.roomstogo.com/product/beautyrest-black-series-three-plush-pillow-top-twin-xl-mattress_50037223_image-item | Z45: =IFERROR(VLOOKUP(A45,Sheet3!B:H,7,false),VLOOKUP(J45,Sheet2!A:C,3,false)) -> https://assets.roomstogo.com/product/beautyrest-black-series-three-plush-pillow-top-twin-xl-mattress_50037223_alt-image-1
A46: 50048036 | B46: 424 | C46: 4.53 | D46: Mattress Only~Estate Firm Tt | E46: Mattress Only | F46: Estate Firm Tt | G46: 438 | H46: 4.52 | I46: 14 | J46: ESTATE FIRM TT | K46: TWXL ESTATE FIRM TT | L46: 2299 | M46: 2299 | N46: STEARNS & FOSTER | P46: Engineered with the best night's sleep in mind, Stearns & Foster Estate Collection takes comfort to the next level. Featuring our TEMPUR-Indulge Memory Foam for enhanced pressure relief. Exclusive IntelliCoil innersprings add night-long support. | Q46: Adult | R46: Twin XL | S46: Innerspring | T46: 3-Superior | U46: Stomach/Back | V46: 4-Premier | W46: 3-Superior | X46: Firm | Y46: =IFERROR(VLOOKUP(A46,Sheet3!B:H,6,false),VLOOKUP(J46,Sheet2!A:C,2,false)) -> https://assets.roomstogo.com/product/stearns-and-foster-estate-firm-tight-top-twin-xl-mattress_50048036_image-item | Z46: =IFERROR(VLOOKUP(A46,Sheet3!B:H,7,false),VLOOKUP(J46,Sheet2!A:C,3,false)) -> https://assets.roomstogo.com/product/stearns-and-foster-estate-firm-tight-top-twin-xl-mattress_50048036_alt-image-1
A47: 50048050 | J47: ESTATE FIRM PT | K47: TWXL ESTATE FIRM PT | L47: 2499 | M47: 2499 | N47: STEARNS & FOSTER | P47: Engineered with the best night's sleep in mind, Stearns & Foster Estate Collection takes comfort to the next level. Featuring our TEMPUR-Indulge Memory Foam for enhanced pressure relief. Exclusive IntelliCoil innersprings add night-long support. | Q47: Adult | R47: Twin XL | S47: Innerspring | T47: 3-Superior | U47: Stomach/Back | V47: 4-Premier | W47: 3-Superior | X47: Firm | Y47: =IFERROR(VLOOKUP(A47,Sheet3!B:H,6,false),VLOOKUP(J47,Sheet2!A:C,2,false)) -> https://assets.roomstogo.com/product/stearns-and-foster-estate-firm-pillow-top-twin-xl-mattress_50048050_image-item | Z47: =IFERROR(VLOOKUP(A47,Sheet3!B:H,7,false),VLOOKUP(J47,Sheet2!A:C,3,false)) -> https://assets.roomstogo.com/product/stearns-and-foster-estate-firm-pillow-top-twin-xl-mattress_50048050_alt-image-1
A48: 50048276 | B48: 1 | C48: 5 | D48: Mattress Only~Lux Estate Elite | E48: Mattress Only | F48: Lux Estate Elite | G48: 1 | H48: 5 | I48: 0 | J48: LUX ESTATE ELITE | K48: TWXL LUX ESTATE ELITE MEDIUM PT | L48: 4099 | M48: 4099 | N48: STEARNS & FOSTER | P48: The soft, sustainably sourced TENCEL cover creates a cool and comfortable sleep surface with enhanced cooling fibers. TEMPUR-Indulge Memory Foam comfort layers, developed by the sleep experts at Tempur-Pedic, conform to the body to deliver all-night comfort and pressure relief. The Pillowtop Support Layer features microcoils just below the pillowtop to provide added durability for maintaining overall comfort. Supportive latex comfort layers provide a perfect combination of pressure relief, durability, and a uniquely weightless, yet supported feel. IntelliCoil innersprings are uniquely designed to respond to varying types of pressure, providing the perfect balance of pressure relief and support. | Q48: Adult | R48: Twin XL | S48: Innerspring | T48: 4-Premier | U48: Side/Back/Stomach | V48: 5-Ultimate | W48: 4-Premier | X48: Medium | Y48: =IFERROR(VLOOKUP(A48,Sheet3!B:H,6,false),VLOOKUP(J48,Sheet2!A:C,2,false)) -> https://assets.roomstogo.com/product/stearns-and-foster-lux-estate-elite-medium-pillow-top-twin-xl-mattress_50048276_image-item | Z48: =IFERROR(VLOOKUP(A48,Sheet3!B:H,7,false),VLOOKUP(J48,Sheet2!A:C,3,false)) -> https://assets.roomstogo.com/product/stearns-and-foster-lux-estate-elite-medium-pillow-top-twin-xl-mattress_50048276_alt-image-1
A49: 50070110 | B49: 1 | C49: 5 | D49: Mattress Only~Helix Midnight Luxe | E49: Mattress Only | F49: Helix Midnight Luxe | G49: 9006 | H49: 4.32 | I49: 9005 | J49: HELIX MIDNIGHT LUXE | K49: TWXL HELIX MIDNIGHT LUXE | L49: 1548 | M49: 1935 | N49: HELIX | Q49: Adult | R49: Twin XL | S49: Innerspring | T49: 4-Premier | U49: Side/Back/Stomach | V49: 4-Premier | W49: 3-Superior | X49: Medium | Y49: =IFERROR(VLOOKUP(A49,Sheet3!B:H,6,false),VLOOKUP(J49,Sheet2!A:C,2,false)) -> https://assets.roomstogo.com/product/helix-midnight-luxe-twin-xl-mattress_50070110_image-item | Z49: =IFERROR(VLOOKUP(A49,Sheet3!B:H,7,false),VLOOKUP(J49,Sheet2!A:C,3,false)) -> https://assets.roomstogo.com/product/helix-midnight-luxe-twin-xl-mattress_50070110_alt-image-1
A50: 50070122 | B50: 2 | C50: 2.5 | D50: Mattress Only~Helix Midnight Elite | E50: Mattress Only | F50: Helix Midnight Elite | G50: 501 | H50: 4.22 | I50: 499 | J50: HELIX MIDNIGHT ELITE | K50: TWXL HELIX MIDNIGHT ELITE | L50: 2199 | M50: 2748.75 | N50: HELIX | Q50: Adult | R50: Twin XL | S50: Innerspring | T50: 5-Ultimate | U50: Side/Back/Stomach | V50: 4-Premier | W50: 4-Premier | X50: Medium | Y50: =IFERROR(VLOOKUP(A50,Sheet3!B:H,6,false),VLOOKUP(J50,Sheet2!A:C,2,false)) -> https://assets.roomstogo.com/product/helix-midnight-elite-twin-xl-mattress_50070122_image-item | Z50: =IFERROR(VLOOKUP(A50,Sheet3!B:H,7,false),VLOOKUP(J50,Sheet2!A:C,3,false)) -> https://assets.roomstogo.com/product/helix-midnight-elite-twin-xl-mattress_50070122_alt-image-1
A51: 50100545 | B51: 1 | C51: 5 | D51: Mattress Only~Casper Cloud One | E51: Mattress Only | F51: Casper Cloud One | G51: 81 | H51: 4.23 | I51: 80 | J51: CASPER CLOUD ONE | K51: TW CASPER CLOUD ONE | L51: 799 | M51: 999 | N51: CASPER | Q51: Adult | R51: Twin | S51: Foam | T51: 3-Superior | U51: Side/Back/Stomach | V51: 3-Superior | W51: 2-Good | X51: Medium | Y51: =IFERROR(VLOOKUP(A51,Sheet3!B:H,6,false),VLOOKUP(J51,Sheet2!A:C,2,false)) -> https://assets.roomstogo.com/product/casper-cloud-one-twin-xl-mattress_50000543_image-item | Z51: =IFERROR(VLOOKUP(A51,Sheet3!B:H,7,false),VLOOKUP(J51,Sheet2!A:C,3,false)) -> https://assets.roomstogo.com/product/casper-cloud-one-twin-xl-mattress_50000543_alt-image-1
A52: 50100684 | J52: CASPER ONYX 2.0 | K52: TW CASPER ONYX 2.0 | L52: 649 | M52: 749 | N52: CASPER | O52: P | P52: The Casper Onyx mattress is designed with 3 layers of foam for comfort, breathability and support. Obsessively engineered by Casper's award-winning research and development team, this mattress contains Breathe Flex Foam for support and pressure relief & Breathe Foam for air flow that pairs breathability with softness for all-night comfort. Key Features A cozy knit cover designed with added stretch so you can experience all the comfort your mattress has to offer. Features a top layer of Breathe Flex Foam that's both responsive and breathable to soothe you to sleep with the perfect bit of bounce.A firm Casper Core base provides long-lasting support while preventing sinking and sagging. Foams are certified by the CertiPUR-US program, meaning they are made without ozone depleting chemicals and regulated by the Consumer Product Safety Commission Low VOC Volatile Organic Compound emissions for indoor air quality less than 0.5 parts per million. | Q52: Adult | R52: Twin | S52: Foam | T52: 2-Good | U52: Side/Back/Stomach | V52: 2-Good | W52: 2-Good | X52: Medium | Y52: =IFERROR(VLOOKUP(A52,Sheet3!B:H,6,false),VLOOKUP(J52,Sheet2!A:C,2,false)) -> https://assets.roomstogo.com/product/casper-onyx-20-twin-xl-mattress_50000682_image-item | Z52: =IFERROR(VLOOKUP(A52,Sheet3!B:H,7,false),VLOOKUP(J52,Sheet2!A:C,3,false)) -> https://assets.roomstogo.com/product/casper-onyx-20-twin-xl-mattress_50000682_alt-image-1
A53: 50101775 | J53: SMART MATCH 2.0 | K53: TW SMART MATCH 2.0 | L53: 977 | M53: 2999 | N53: KINGSDOWN | R53: Twin | S53: Innerspring | T53: 4-Premier | U53: Side/Back/Stomach | V53: 4-Premier | W53: 3-Superior | X53: Medium | Y53: =IFERROR(VLOOKUP(A53,Sheet3!B:H,6,false),VLOOKUP(J53,Sheet2!A:C,2,false)) -> https://assets.roomstogo.com/product/kingsdown-smart-match-20-twin-xl-mattress_50001773_image-item | Z53: =IFERROR(VLOOKUP(A53,Sheet3!B:H,7,false),VLOOKUP(J53,Sheet2!A:C,3,false)) -> https://assets.roomstogo.com/product/kingsdown-smart-match-20-twin-xl-mattress_50001773_alt-image-1
A54: 50102260 | B54: 33 | C54: 4.48 | D54: Mattress Only~Turnbull | E54: Mattress Only | F54: Turnbull | G54: 43 | H54: 4.37 | I54: 10 | J54: TURNBULL | K54: TW TURNBULL | L54: 238 | M54: 249.99 | N54: KINGSDOWN | O54: P | P54: .A top layer of gel foam keeps the surface cool while providing pressure relief & support. .A second layer of convoluted foam emphasizes the cooling properties in the mattress. .Foam encased coils ensure personalized support and minimize partner disturbance..Reinforced coils along the perimeter create full, edge-to-edge support throughout the mattress. .Ensures cool and comfortable sleep throughout the night. | Q54: Kid | R54: Twin | S54: Innerspring | T54: 2-Good | U54: Side/Back/Stomach | V54: 1-Basic | W54: 2-Good | X54: Medium | Y54: =IFERROR(VLOOKUP(A54,Sheet3!B:H,6,false),VLOOKUP(J54,Sheet2!A:C,2,false)) -> https://assets.roomstogo.com/product/kingsdown-turnbull-twin-mattress_50102260_image-item | Z54: =IFERROR(VLOOKUP(A54,Sheet3!B:H,7,false),VLOOKUP(J54,Sheet2!A:C,3,false)) -> https://assets.roomstogo.com/product/kingsdown-turnbull-twin-mattress_50102260_alt-image-1
A55: 50102284 | B55: 11 | C55: 4.27 | D55: Mattress Only~Hawke | E55: Mattress Only | F55: Hawke | G55: 26 | H55: 4.46 | I55: 15 | J55: HAWKE | K55: TW HAWKE | L55: 298 | M55: 349.99 | N55: KINGSDOWN | O55: P | P55: .Gel micro-denier polyester fiber in the cover makes the surface exceptionally soft and resilient. .Tri-tech memory foam includes specialized lumbar support underneath it..Materials are infused with copper, silver and graphite for ultimate comfort. .Gel foam keeps the mattress cool while providing pressure relief and support. .Perimeter wrapped coils provide superior edge-to-edge support at the base level..Ensures comfortable sleep throughout the night. | Q55: Kid | R55: Twin | S55: Innerspring | T55: 3-Superior | U55: Side/Back/Stomach | V55: 4-Premier | W55: 2-Good | X55: Medium | Y55: =IFERROR(VLOOKUP(A55,Sheet3!B:H,6,false),VLOOKUP(J55,Sheet2!A:C,2,false)) -> https://assets.roomstogo.com/product/kingsdown-hawke-twin-mattress_50102284_image-item | Z55: =IFERROR(VLOOKUP(A55,Sheet3!B:H,7,false),VLOOKUP(J55,Sheet2!A:C,3,false)) -> https://assets.roomstogo.com/product/kingsdown-hawke-twin-mattress_50102284_alt-image-1
A56: 50102296 | B56: 3 | C56: 4.33 | D56: Mattress Only~Grenson | E56: Mattress Only | F56: Grenson | G56: 9 | H56: 4.56 | I56: 6 | J56: GRENSON | K56: TW GRENSON | L56: 377 | M56: 449.99 | N56: KINGSDOWN | O56: P | P56: .The smooth cover is enhanced by the tri-tech memory foam underneath it. .Materials are infused with copper, silver and graphite for ultimate comfort. .Gel foam keeps the mattress cool while providing pressure relief and support. .A bottom layer of 6 foam core gently compresses for customized support where it's needed..This mattress works well with motion bases. | Q56: Kid | R56: Twin | S56: Foam | T56: 4-Premier | U56: Side/Back | V56: 3-Superior | W56: 2-Good | X56: Soft | Y56: =IFERROR(VLOOKUP(A56,Sheet3!B:H,6,false),VLOOKUP(J56,Sheet2!A:C,2,false)) -> https://assets.roomstogo.com/product/kingsdown-grenson-twin-mattress_50102296_image-item | Z56: =IFERROR(VLOOKUP(A56,Sheet3!B:H,7,false),VLOOKUP(J56,Sheet2!A:C,3,false)) -> https://assets.roomstogo.com/product/kingsdown-grenson-twin-mattress_50102296_alt-image-1
A57: 50107462 | J57: ADAPT 2.0 MEDIUM | K57: TW ADAPT MEDIUM | L57: 1699 | M57: 1699 | N57: TEMPURPEDIC | P57: .Superior cool-to-the-touch feel with a premium knit cover..TEMPUR-Material provides one-of-a-kind, body-conforming support by responding to your body's weight, shape, and temperature to help reduce aches and pains..A second layer of TEMPUR-Material absorbs motion to help minimize disruptions caused by movement from partners, pets, or kids. | Q57: Adult | R57: Twin | S57: Foam | T57: 4-Premier | U57: Side/Back/Stomach | V57: 4-Premier | W57: 4-Premier | X57: Medium | Y57: =IFERROR(VLOOKUP(A57,Sheet3!B:H,6,false),VLOOKUP(J57,Sheet2!A:C,2,false)) -> https://assets.roomstogo.com/product/tempur-pedic-adapt-20-medium-twin-xl-mattress_50007460_image-item | Z57: =IFERROR(VLOOKUP(A57,Sheet3!B:H,7,false),VLOOKUP(J57,Sheet2!A:C,3,false)) -> https://assets.roomstogo.com/product/tempur-pedic-adapt-20-medium-twin-xl-mattress_50007460_alt-image-1
A58: 50107474 | J58: ADAPT 2.0 MEDIUM HYBRID | K58: TW ADAPT MEDIUM HYBRID | L58: 1999 | M58: 1999 | N58: TEMPURPEDIC | P58: .Superior cool-to-the-touch feel with a premium knit cover..TEMPUR-Material provides one-of-a-kind, body-conforming support by responding to your body's weight, shape, and temperature to help reduce aches and pains..A second layer of TEMPUR-Material absorbs motion to help minimize disruptions caused by movement from partners, pets, or kids..Hybrid technology combines premium innersprings with TEMPUR-Material to deliver the right combination of pressure relief and support. | Q58: Adult | R58: Twin | S58: Hybrid | T58: 4-Premier | U58: Side/Back/Stomach | V58: 4-Premier | W58: 4-Premier | X58: Medium | Y58: =IFERROR(VLOOKUP(A58,Sheet3!B:H,6,false),VLOOKUP(J58,Sheet2!A:C,2,false)) -> https://assets.roomstogo.com/product/tempur-pedic-adapt-20-medium-hybrid-twin-xl-mattress_50007472_image-item | Z58: =IFERROR(VLOOKUP(A58,Sheet3!B:H,7,false),VLOOKUP(J58,Sheet2!A:C,3,false)) -> https://assets.roomstogo.com/product/tempur-pedic-adapt-20-medium-hybrid-twin-xl-mattress_50007472_alt-image-1
A59: 50107486 | J59: PROADAPT 2.0 FIRM | K59: TW PROADAPT FIRM | L59: 2899 | M59: 2899 | N59: TEMPURPEDIC | P59: .The removable, machine-washable, and cool-to-the-touch SmartClimate cover features heat-absorbing fibers, drawing heat away from the body for added cooling comfort..Ventilated Advanced Relief Material provides pressure relief and added ventilation for increased airflow..TEMPUR-Material provides one-of-a-kind, body-conforming support by responding to your body's weight, shape, and temperature. | Q59: Adult | R59: Twin | S59: Foam | T59: 4-Premier | U59: Stomach/Back | V59: 5-Ultimate | W59: 4-Premier | X59: Firm | Y59: =IFERROR(VLOOKUP(A59,Sheet3!B:H,6,false),VLOOKUP(J59,Sheet2!A:C,2,false)) -> https://assets.roomstogo.com/product/tempur-pedic-proadapt-20-firm-twin-xl-mattress_50007484_image-item | Z59: =IFERROR(VLOOKUP(A59,Sheet3!B:H,7,false),VLOOKUP(J59,Sheet2!A:C,3,false)) -> https://assets.roomstogo.com/product/tempur-pedic-proadapt-20-firm-twin-xl-mattress_50007484_alt-image-1
A60: 50107525 | J60: PROADAPT 2.0 MEDIUM | K60: TW PROADAPT MEDIUM | L60: 2899 | M60: 2899 | N60: TEMPURPEDIC | P60: .The removable, machine-washable, and cool-to-the-touch SmartClimate cover features heat-absorbing fibers, drawing heat away from the body for added cooling comfort..Ventilated Advanced Relief Material provides pressure relief and added ventilation for increased airflow..TEMPUR-Material provides one-of-a-kind, body-conforming support by responding to your body's weight, shape, and temperature. | Q60: Adult | R60: Twin | S60: Foam | T60: 4-Premier | U60: Side/Back/Stomach | V60: 5-Ultimate | W60: 4-Premier | X60: Medium | Y60: =IFERROR(VLOOKUP(A60,Sheet3!B:H,6,false),VLOOKUP(J60,Sheet2!A:C,2,false)) -> https://assets.roomstogo.com/product/tempur-pedic-proadapt-20-medium-twin-xl-mattress_50007523_image-item | Z60: =IFERROR(VLOOKUP(A60,Sheet3!B:H,7,false),VLOOKUP(J60,Sheet2!A:C,3,false)) -> https://assets.roomstogo.com/product/tempur-pedic-proadapt-20-medium-twin-xl-mattress_50007523_alt-image-1
A61: 50107537 | J61: PROADAPT 2.0 SOFT | K61: TW PROADAPT SOFT | L61: 2899 | M61: 2899 | N61: TEMPURPEDIC | P61: .The removable, machine-washable, and cool-to-the-touch SmartClimate cover features heat-absorbing fibers, drawing heat away from the body for added cooling comfort..Specially ventilated TEMPUR-Material delivers additional airflow and breathability, while providing pressure relief and motion absorption..Advanced Relief Material is the most pressure-relieving material made by Tempur-Pedic and conforms to your body for ultimate comfort. | Q61: Adult | R61: Twin | S61: Foam | T61: 5-Ultimate | U61: Side/Back | V61: 5-Ultimate | W61: 4-Premier | X61: Soft | Y61: =IFERROR(VLOOKUP(A61,Sheet3!B:H,6,false),VLOOKUP(J61,Sheet2!A:C,2,false)) -> https://assets.roomstogo.com/product/tempur-pedic-proadapt-20-soft-twin-xl-mattress_50007535_image-item | Z61: =IFERROR(VLOOKUP(A61,Sheet3!B:H,7,false),VLOOKUP(J61,Sheet2!A:C,3,false)) -> https://assets.roomstogo.com/product/tempur-pedic-proadapt-20-soft-twin-xl-mattress_50007535_alt-image-1
A62: 50107551 | J62: PROADAPT 2.0 MEDIUM HYBRID | K62: TW PROADAPT MEDIUM HYBRID | L62: 2899 | M62: 2899 | N62: TEMPURPEDIC | P62: .The removable, machine-washable, and cool-to-the-touch SmartClimate cover features heat-absorbing fibers, drawing heat away from the body for added cooling comfort..Specially ventilated TEMPUR-Material delivers additional airflow and breathability, while providing pressure relief and motion absorption..Advanced Relief Material is the most pressure-relieving material made by Tempur-Pedic and contours to your body for ultimate comfort. .Hybrid technology mixes premium innersprings with one-of-a-kind Tempur-Pedic materials to deliver the right combination of relief and support. | Q62: Adult | R62: Twin | S62: Hybrid | T62: 4-Premier | U62: Side/Back/Stomach | V62: 5-Ultimate | W62: 4-Premier | X62: Medium | Y62: =IFERROR(VLOOKUP(A62,Sheet3!B:H,6,false),VLOOKUP(J62,Sheet2!A:C,2,false)) -> https://assets.roomstogo.com/product/tempur-pedic-proadapt-20-medium-hybrid-twin-xl-mattress_50007559_image-item | Z62: =IFERROR(VLOOKUP(A62,Sheet3!B:H,7,false),VLOOKUP(J62,Sheet2!A:C,3,false)) -> https://assets.roomstogo.com/product/tempur-pedic-proadapt-20-medium-hybrid-twin-xl-mattress_50007559_alt-image-1
A63: 50109872 | J63: TUFT & NEEDLE STITCH TN3.1 | K63: TW T&N TN3.1 | L63: 597 | M63: 799 | N63: TUFT & NEEDLE | O63: P | Q63: Adult | R63: Twin | S63: Hybrid | T63: 3-Superior | U63: Side/Back/Stomach | V63: 3-Superior | W63: 3-Superior | X63: Medium | Y63: =IFERROR(VLOOKUP(A63,Sheet3!B:H,6,false),VLOOKUP(J63,Sheet2!A:C,2,false)) -> https://assets.roomstogo.com/product/tuft-needle-stitch-tn31-twin-xl-mattress_50009870_image-item | Z63: =IFERROR(VLOOKUP(A63,Sheet3!B:H,7,false),VLOOKUP(J63,Sheet2!A:C,3,false)) -> https://assets.roomstogo.com/product/tuft-needle-stitch-tn31-twin-xl-mattress_50009870_alt-image-1
A64: 50109884 | J64: TUFT & NEEDLE STITCH TN5.1 | K64: TW T&N TN5.1 | L64: 695 | M64: 1299 | N64: TUFT & NEEDLE | O64: P | Q64: Adult | R64: Twin | S64: Hybrid | T64: 4-Premier | U64: Stomach/Back | V64: 4-Premier | W64: 4-Premier | X64: Firm | Y64: =IFERROR(VLOOKUP(A64,Sheet3!B:H,6,false),VLOOKUP(J64,Sheet2!A:C,2,false)) -> https://assets.roomstogo.com/product/tuft-needle-stitch-tn51-twin-xl-mattress_50009882_image-item | Z64: =IFERROR(VLOOKUP(A64,Sheet3!B:H,7,false),VLOOKUP(J64,Sheet2!A:C,3,false)) -> https://assets.roomstogo.com/product/tuft-needle-stitch-tn51-twin-xl-mattress_50009882_alt-image-1
A65: 50109909 | J65: TUFT & NEEDLE STITCH TN9.1 | K65: TW T&N TN9.1 | L65: 1497 | M65: 1999 | N65: TUFT & NEEDLE | O65: P | Q65: Adult | R65: Twin | S65: Hybrid | T65: 5-Ultimate | U65: Side/Back | V65: 4-Premier | W65: 4-Premier | X65: Soft | Y65: =IFERROR(VLOOKUP(A65,Sheet3!B:H,6,false),VLOOKUP(J65,Sheet2!A:C,2,false)) -> https://assets.roomstogo.com/product/tuft-needle-stitch-tn91-twin-xl-mattress_50009907_image-item | Z65: =IFERROR(VLOOKUP(A65,Sheet3!B:H,7,false),VLOOKUP(J65,Sheet2!A:C,3,false)) -> https://assets.roomstogo.com/product/tuft-needle-stitch-tn91-twin-xl-mattress_50009907_alt-image-1
A66: 50109923 | J66: TUFT & NEEDLE KIDS GLEE | K66: TW T&N KIDS GLEE | L66: 477 | M66: 499 | N66: TUFT & NEEDLE | O66: P | P66: Whether they're a teething toddler or a growing teen, help your child wake refreshed with the Tuft & Needle Glee mattress. Featuring a foam construction for cradling comfort, this mattress offers innovative cooling, responsive pressure relief, and the bounce-back support of T&N Adaptive foam, so they can sink deeply into sleep-but never into the mattress. Unlike memory foam, Tuft & Needle's T&N Adaptive foam doesn't sink under weight. Instead, it keeps each sleeper lifted while contouring to relieve pressure where they need it most. With the addition of a breathable cover and reinforced edge support for corner-to-corner comfort, the Tuft & Needle Glee 9 Medium-Firm mattress ensures your child can sleep well, and wake refreshed, for years to come. | Q66: Kid | R66: Twin | S66: Foam | T66: 2-Good | U66: Side/Back/Stomach | V66: 2-Good | W66: 2-Good | X66: Medium | Y66: =IFERROR(VLOOKUP(A66,Sheet3!B:H,6,false),VLOOKUP(J66,Sheet2!A:C,2,false)) -> https://assets.roomstogo.com/product/tuft-needle-kids-glee-twin-mattress_50109923_image-item | Z66: =IFERROR(VLOOKUP(A66,Sheet3!B:H,7,false),VLOOKUP(J66,Sheet2!A:C,3,false)) -> https://assets.roomstogo.com/product/tuft-needle-kids-glee-twin-mattress_50109923_alt-image-1
A67: 50109935 | B67: 1 | C67: 5 | D67: Mattress Only~Tuft & Needle Tn1 | E67: Mattress Only | F67: Tuft & Needle Tn1 | G67: 9 | H67: 4.89 | I67: 8 | J67: TUFT & NEEDLE TN1 | K67: TW T&N TN1 | L67: 527 | M67: 649 | N67: TUFT & NEEDLE | O67: P | P67: Reclaim your nights and wake refreshed for your days with the Tuft & Needle TN1 12 Firm mattress. Available in a standard flat-mattress construction, this mattress offers innovative cooling, responsive pressure relief, and the bounce back support of T&N Adaptive foam, so you can sink deeply into sleep-but never into your mattress. Unlike memory foam, Tuft & Needle's T&N Adaptive foam doesn't sink under your weight. Instead, it keeps you lifted while contouring to relieve pressure where you need it most. Rest easy as this ventilated foam helps channel airflow through the mattress and a breathable cover helps you sleep comfortably. Plus, feel cool as T&N AdaptiveCool gel foam technology, designed to help absorb heat, is ribboned across the center-third of the mattress to promote optimal cooling. With the addition of comfortable support foams, each Tuft & Needle TN1 12 Firm flat-mattress protects your rest so you can wake up refreshed and ready for the day. | Q67: Adult | R67: Twin | S67: Foam | T67: 2-Good | U67: Stomach/Back | V67: 2-Good | W67: 2-Good | X67: Firm | Y67: =IFERROR(VLOOKUP(A67,Sheet3!B:H,6,false),VLOOKUP(J67,Sheet2!A:C,2,false)) -> https://assets.roomstogo.com/product/tuft-needle-tn1-twin-xl-mattress_50009933_image-item | Z67: =IFERROR(VLOOKUP(A67,Sheet3!B:H,7,false),VLOOKUP(J67,Sheet2!A:C,3,false)) -> https://assets.roomstogo.com/product/tuft-needle-tn1-twin-xl-mattress_50009933_alt-image-1
A68: 50110572 | B68: 1 | C68: 5 | D68: Mattress Only~Molecule Core | E68: Mattress Only | F68: Molecule Core | G68: 8 | H68: 4.88 | I68: 7 | J68: MOLECULE CORE | K68: TW MOLECULE CORE | L68: 397 | M68: 899 | N68: MOLECULE | Q68: Adult | R68: Twin | S68: Foam | T68: 3-Superior | U68: Side/Back/Stomach | V68: 3-Superior | W68: 3-Superior | X68: Medium | Y68: =IFERROR(VLOOKUP(A68,Sheet3!B:H,6,false),VLOOKUP(J68,Sheet2!A:C,2,false)) -> https://assets.roomstogo.com/product/molecule-core-twin-xl-mattress_50010570_image-item | Z68: =IFERROR(VLOOKUP(A68,Sheet3!B:H,7,false),VLOOKUP(J68,Sheet2!A:C,3,false)) -> https://assets.roomstogo.com/product/molecule-core-twin-xl-mattress_50010570_alt-image-1
A69: 50110673 | B69: 6 | C69: 4.17 | D69: Mattress Only~Broad Peak Medium Hybrid | E69: Mattress Only | F69: Broad Peak Medium Hybrid | G69: 192 | H69: 4.4 | I69: 186 | J69: BROAD PEAK MEDIUM HYBRID | K69: TW BROAD PEAK | L69: 595 | M69: 799.99 | N69: BEAUTYREST SELECT | O69: P | P69: Developed by the pioneer of the hybrid mattress, the new Beautyrest Select Hybrid line offers consistent that conforms to your body, allowing you to find your optimal sleep position. The superior stretch and recovery surface adapts with you throughout the night, enabling you to engage more closely with the pressure relieving memory foams for a deep, easy sleep. This unique construction enhances the benefits of both our Pocketed Coil Technology and gel memory foams to provide comfort and breathability. | Q69: Adult | R69: Twin | S69: Hybrid | T69: 3-Superior | U69: Side/Back/Stomach | V69: 3-Superior | W69: 3-Superior | X69: Medium | Y69: =IFERROR(VLOOKUP(A69,Sheet3!B:H,6,false),VLOOKUP(J69,Sheet2!A:C,2,false)) -> https://assets.roomstogo.com/product/beautyrest-select-broad-peak-medium-hybrid-twin-xl-mattress_50010671_image-item | Z69: =IFERROR(VLOOKUP(A69,Sheet3!B:H,7,false),VLOOKUP(J69,Sheet2!A:C,3,false)) -> https://assets.roomstogo.com/product/beautyrest-select-broad-peak-medium-hybrid-twin-xl-mattress_50010671_alt-image-1
A70: 50110938 | B70: 7 | C70: 4 | D70: Mattress Only~Simmons Kids Delight | E70: Mattress Only | F70: Simmons Kids Delight | G70: 8 | H70: 3.75 | I70: 1 | J70: SIMMONS KIDS DELIGHT | K70: TW SIMMONS KIDS DELIGHT | L70: 177 | M70: 199 | N70: SIMMONS KIDS | O70: P | P70: The Simmons Kids Delight mattress is designed with multiple layers of advanced comfort foam. A plush outer layer provides pressure relief and stable temperature regulation. A firm comfort foam core adds the proper support for your growing child. The cozy channeled cover offers a refreshing night's rest. | Q70: Kid | R70: Twin | S70: Foam | T70: 1-Basic | U70: Stomach/Back | V70: 2-Good | W70: 2-Good | X70: Firm | Y70: =IFERROR(VLOOKUP(A70,Sheet3!B:H,6,false),VLOOKUP(J70,Sheet2!A:C,2,false)) -> https://assets.roomstogo.com/product/simmons-kids-delight-twin-mattress_50110938_image-item | Z70: =IFERROR(VLOOKUP(A70,Sheet3!B:H,7,false),VLOOKUP(J70,Sheet2!A:C,3,false)) -> https://assets.roomstogo.com/product/simmons-kids-delight-twin-mattress_50110938_alt-image-1
A71: 50110940 | B71: 1 | C71: 5 | D71: Mattress Only~Simmons Kids Glad | E71: Mattress Only | F71: Simmons Kids Glad | G71: 3 | H71: 4.33 | I71: 2 | J71: SIMMONS KIDS GLAD | K71: TW SIMMONS KIDS GLAD | L71: 277 | M71: 299 | N71: SIMMONS KIDS | O71: P | P71: The Simmons Kids Delight mattress is designed with multiple layers of advanced comfort foam. A plush outer layer provides pressure relief all night. Multiple gel foam layers add stable temperature regulation and cradling softness. A medium comfort foam core offers the proper support for your growing child. | Q71: Kid | R71: Twin | S71: Foam | T71: 3-Superior | U71: Side/Back/Stomach | V71: 2-Good | W71: 2-Good | X71: Medium | Y71: =IFERROR(VLOOKUP(A71,Sheet3!B:H,6,false),VLOOKUP(J71,Sheet2!A:C,2,false)) -> https://assets.roomstogo.com/product/simmons-kids-glad-twin-mattress_50110940_image-item | Z71: =IFERROR(VLOOKUP(A71,Sheet3!B:H,7,false),VLOOKUP(J71,Sheet2!A:C,3,false)) -> https://assets.roomstogo.com/product/simmons-kids-glad-twin-mattress_50110940_alt-image-1
A72: 50110952 | B72: 3 | C72: 3.67 | D72: Mattress Only~Simmons Kids Happy | E72: Mattress Only | F72: Simmons Kids Happy | G72: 9 | H72: 4.22 | I72: 6 | J72: SIMMONS KIDS HAPPY | K72: TW SIMMONS KIDS HAPPY | L72: 327 | M72: 349 | N72: SIMMONS KIDS | O72: P | P72: The Simmons Kids Happy mattress is designed with multiple layers of advanced comfort foam and a supportive coil system. A plush outer layer offers cradling softness. Premium gel memory foam provides contouring pressure relief and temperature regulation. 800 individually wrapped coils conform to the body for supported sleep. A firm comfort foam core adds the proper support for your growing child. | Q72: Kid | R72: Twin | S72: Innerspring | T72: 3-Superior | U72: Stomach/Back | V72: 2-Good | W72: 3-Superior | X72: Firm | Y72: =IFERROR(VLOOKUP(A72,Sheet3!B:H,6,false),VLOOKUP(J72,Sheet2!A:C,2,false)) -> https://assets.roomstogo.com/product/simmons-kids-happy-twin-mattress_50110952_image-item | Z72: =IFERROR(VLOOKUP(A72,Sheet3!B:H,7,false),VLOOKUP(J72,Sheet2!A:C,3,false)) -> https://assets.roomstogo.com/product/simmons-kids-happy-twin-mattress_50110952_alt-image-1
A73: 50111055 | J73: BAY DREAMER | K73: TW BAY DREAMER | L73: 345 | M73: 449.99 | N73: TOMMY BAHAMA | O73: P | P73: Soft firmness. Circular Knit Fabric with Lycra for a soft luxurious feel. TheraCool Enhanced Gel Quilt for maximum comfort and pressure relief while wicking away heat from the body for a cooler nights sleep. Performance Foam provides support, durability and comfortable sleep. Memory Touch Visco Lumbar Support provides conforming support to the lumbar region. TheraWrapedge to edge coil unit offersindividually encased coilsthatmove and conform to the body,eliminating sleep partner disturbances. | Q73: Kid | R73: Twin | S73: Innerspring | T73: 2-Good | U73: Side/Back | V73: 4-Premier | W73: 2-Good | X73: Soft | Y73: =IFERROR(VLOOKUP(A73,Sheet3!B:H,6,false),VLOOKUP(J73,Sheet2!A:C,2,false)) -> https://assets.roomstogo.com/product/tommy-bahama-bay-dreamer-twin-mattress_50111055_image-item | Z73: =IFERROR(VLOOKUP(A73,Sheet3!B:H,7,false),VLOOKUP(J73,Sheet2!A:C,3,false)) -> https://assets.roomstogo.com/product/tommy-bahama-bay-dreamer-twin-mattress_50111055_alt-image-1
A74: 50111067 | B74: 3 | C74: 4.67 | D74: Mattress Only~Make Waves | E74: Mattress Only | F74: Make Waves | G74: 8 | H74: 4.75 | I74: 5 | J74: MAKE WAVES | K74: TW MAKE WAVES | L74: 395 | M74: 499.99 | N74: TOMMY BAHAMA | O74: P | P74: Firm firmness. Circular Knit Fabric with Lycra for a soft luxurious feel. Performance Foam provides support, durability and comfortable sleep. TheraCool Visco Gel provides pressure point relief and wicks away heat from the body for a cooler nights sleep. TheraWrapedge to edge coil unit offersindividually encased coilsthatmove and conform to the body,eliminating sleep partner disturbances. | Q74: Kid | R74: Twin | S74: Hybrid | T74: 2-Good | U74: Stomach/Back | V74: 4-Premier | W74: 2-Good | X74: Firm | Y74: =IFERROR(VLOOKUP(A74,Sheet3!B:H,6,false),VLOOKUP(J74,Sheet2!A:C,2,false)) -> https://assets.roomstogo.com/product/tommy-bahama-make-waves-twin-mattress_50111067_image-item | Z74: =IFERROR(VLOOKUP(A74,Sheet3!B:H,7,false),VLOOKUP(J74,Sheet2!A:C,3,false)) -> https://assets.roomstogo.com/product/tommy-bahama-make-waves-twin-mattress_50111067_alt-image-1
A75: 50111079 | J75: SEASIDE SERENITY | K75: TW SEASIDE SERENITY | L75: 495 | M75: 599.99 | N75: TOMMY BAHAMA | O75: P | P75: Medium firmness. Circular Knit Fabric with Lycra for a soft luxurious feel. Performance Foam provides support, durability and comfortable sleep. TheraCool Visco Gel provides pressure point relief and wicks away heat from the body for a cooler nights sleep. TheraWrapedge to edge coil unit offersindividually encased coilsthatmove and conform to the body,eliminating sleep partner disturbances. | Q75: Kid | R75: Twin | S75: Innerspring | T75: 2-Good | U75: Side/Back/Stomach | V75: 4-Premier | W75: 2-Good | X75: Medium | Y75: =IFERROR(VLOOKUP(A75,Sheet3!B:H,6,false),VLOOKUP(J75,Sheet2!A:C,2,false)) -> https://assets.roomstogo.com/product/tommy-bahama-seaside-serenity-twin-mattress_50111079_image-item | Z75: =IFERROR(VLOOKUP(A75,Sheet3!B:H,7,false),VLOOKUP(J75,Sheet2!A:C,3,false)) -> https://assets.roomstogo.com/product/tommy-bahama-seaside-serenity-twin-mattress_50111079_alt-image-1
A76: 50111144 | B76: 4 | C76: 4.5 | D76: Mattress Only~Alder | E76: Mattress Only | F76: Alder | G76: 7 | H76: 3.86 | I76: 3 | J76: ALDER | K76: TW ALDER | L76: 99 | M76: 199.99 | N76: THERAPEDIC KIDS | O76: P | P76: Therapedic's Alder mattress delivers a supportive bed for your growing child. Featuring antimicrobial protection, the quilt cover is enhanced with soft cushioning. For support and durability, this mattress utilizes performance foam to provide comfort for years to come. This product is made with the reassurance of CertiPUR-US foams that meet strict environmental, health and safety codes. | Q76: Kid | R76: Twin | S76: Foam | T76: 2-Good | U76: Side/Back/Stomach | V76: 1-Basic | W76: 1-Basic | X76: Medium | Y76: =IFERROR(VLOOKUP(A76,Sheet3!B:H,6,false),VLOOKUP(J76,Sheet2!A:C,2,false)) -> https://assets.roomstogo.com/product/therapedic-alder-twin-mattress_50111144_image-item | Z76: =IFERROR(VLOOKUP(A76,Sheet3!B:H,7,false),VLOOKUP(J76,Sheet2!A:C,3,false)) -> https://assets.roomstogo.com/product/therapedic-alder-twin-mattress_50111144_alt-image-1
A77: 50111168 | B77: 2 | C77: 5 | D77: Mattress Only~Creekmore | E77: Mattress Only | F77: Creekmore | G77: 5 | H77: 5 | I77: 3 | J77: CREEKMORE | K77: TW CREEKMORE | L77: 377 | M77: 399.99 | N77: THERAPEDIC KIDS | O77: P | P77: The Therapedic Creekmore mattress delivers a supportive bed that helps keep itself clean and fresh. Its sanitized finish continually inhibits the growth of odor-causing microbes and bacteria using zinc to keep your mattress fresh. Featuring antimicrobial protection, the quilt cover is enhanced with soft cushioning. TheraCool Memory Touch Visco gel foam maximizes comfort, combining pressure relieving and heat-wicking material. For support and durability, this mattress utilizes performance foam to provide comfort for years to come. | Q77: Kid | R77: Twin | S77: Foam | T77: 3-Superior | U77: Side/Back | V77: 2-Good | W77: 2-Good | X77: Soft | Y77: =IFERROR(VLOOKUP(A77,Sheet3!B:H,6,false),VLOOKUP(J77,Sheet2!A:C,2,false)) -> https://assets.roomstogo.com/product/therapedic-creekmore-twin-mattress_50111168_image-item | Z77: =IFERROR(VLOOKUP(A77,Sheet3!B:H,7,false),VLOOKUP(J77,Sheet2!A:C,3,false)) -> https://assets.roomstogo.com/product/therapedic-creekmore-twin-mattress_50111168_alt-image-1
A78: 50111170 | B78: 6 | C78: 4.33 | D78: Mattress Only~Flourish | E78: Mattress Only | F78: Flourish | G78: 15 | H78: 4.2 | I78: 9 | J78: FLOURISH | K78: TW FLOURISH | L78: 427 | M78: 449.99 | N78: THERAPEDIC KIDS | O78: P | P78: Designed to grow with your child, the Therapedic Flourish 2-Sided mattress makes a long-lasting bed that gives them the support they need. With two unique sides, this mattress includes zoned support based on your child's weight to provide proper support for their growth. TheraCool advanced gel foam promotes comfort, combining pressure relieving and heat-wicking material. Featuring antimicrobial protection, the quilt cover is enhanced with soft cushioning. Memory Touch Visco foam maximizes comfort, providing support and reducing pressure points. This premium foam adapts to weight and temperature for a customized sleep experience. For support and durability, this mattress utilizes performance foam to provide comfort for years to come. | Q78: Kid | R78: Twin | S78: Foam | T78: 4-Premier | U78: Side/Back/Stomach | V78: 1-Basic | W78: 2-Good | X78: Medium | Y78: =IFERROR(VLOOKUP(A78,Sheet3!B:H,6,false),VLOOKUP(J78,Sheet2!A:C,2,false)) -> https://assets.roomstogo.com/product/therapedic-flourish-2-sided-twin-mattress_50111170_image-item | Z78: =IFERROR(VLOOKUP(A78,Sheet3!B:H,7,false),VLOOKUP(J78,Sheet2!A:C,3,false)) -> https://assets.roomstogo.com/product/therapedic-flourish-2-sided-twin-mattress_50111170_alt-image-1
A79: 50111233 | B79: 33 | C79: 4.76 | D79: Mattress Only~Hamel | E79: Mattress Only | F79: Hamel | G79: 90 | H79: 4.6 | I79: 57 | J79: HAMEL | K79: TW HAMEL | L79: 277 | M79: 299.99 | N79: THERAPEDIC KIDS | O79: P | P79: Boasting innovative sleep technology, the Therapedic Hamel mattress epitomizes comfort with the addition of self-cleaning properties. Its sanitized finish continually inhibits the growth of odor-causing microbes and bacteria using zinc to keep your mattress fresh. Perfect for children sharing a bed, TheraWrap Edge to Edge coils reduce motion transfer to prevent partner disturbance. Each individual coil moves independently, conforming to fit the sleeper. Featuring antimicrobial protection, the quilt cover is enhanced with soft cushioning. TheraCool advanced gel foam with graphite promotes comfort, combining pressure relieving and heat-wicking material. For support and durability, this utilizes performance foam to provide comfort for years to come. | Q79: Kid | R79: Twin | S79: Innerspring | T79: 3-Superior | U79: Side/Back | V79: 4-Premier | W79: 2-Good | X79: Soft | Y79: =IFERROR(VLOOKUP(A79,Sheet3!B:H,6,false),VLOOKUP(J79,Sheet2!A:C,2,false)) -> https://assets.roomstogo.com/product/therapedic-hamell-twin-mattress_50111233_image-item | Z79: =IFERROR(VLOOKUP(A79,Sheet3!B:H,7,false),VLOOKUP(J79,Sheet2!A:C,3,false)) -> https://assets.roomstogo.com/product/therapedic-hamell-twin-mattress_50111233_alt-image-1
A80: 50111269 | B80: 15 | C80: 4.73 | D80: Mattress Only~Impreza | E80: Mattress Only | F80: Impreza | G80: 33 | H80: 4.55 | I80: 18 | J80: IMPREZA | K80: TW IMPREZA | L80: 327 | M80: 349.99 | N80: THERAPEDIC KIDS | O80: P | P80: Theracool advanced gel wicks away heat from the body, ensuring a cooler night's sleep. Therafoam encasement provides tremendous edge support for a smoother transition in and out of bed. Individual coils move independently to conform to the sleeper's position. Performance Plush transition layer adds extra support. Its sanitized finish continually inhibits the growth of odor-causing microbes and bacteria, keeping your mattress fresh. | Q80: Kid | R80: Twin | S80: Innerspring | T80: 3-Superior | U80: Side/Back/Stomach | V80: 3-Superior | W80: 1-Basic | X80: Medium | Y80: =IFERROR(VLOOKUP(A80,Sheet3!B:H,6,false),VLOOKUP(J80,Sheet2!A:C,2,false)) -> https://assets.roomstogo.com/product/therapedic-impreza-twin-mattress_50111269_image-item | Z80: =IFERROR(VLOOKUP(A80,Sheet3!B:H,7,false),VLOOKUP(J80,Sheet2!A:C,3,false)) -> https://assets.roomstogo.com/product/therapedic-impreza-twin-mattress_50111269_alt-image-1
A81: 50111346 | J81: FORESTER | K81: TW FORESTER | L81: 597 | M81: 799.99 | N81: THERAPEDIC | O81: P | Q81: Adult | R81: Twin | S81: Innerspring | T81: 2-Good | U81: Stomach/Back | V81: 3-Superior | W81: 2-Good | X81: Extra Firm | Y81: =IFERROR(VLOOKUP(A81,Sheet3!B:H,6,false),VLOOKUP(J81,Sheet2!A:C,2,false)) -> https://assets.roomstogo.com/product/therapedic-forester-twin-xl-mattress_50011344_image-item | Z81: =IFERROR(VLOOKUP(A81,Sheet3!B:H,7,false),VLOOKUP(J81,Sheet2!A:C,3,false)) -> https://assets.roomstogo.com/product/therapedic-forester-twin-xl-mattress_50011344_alt-image-1
A82: 50111360 | B82: 3 | C82: 5 | D82: Mattress Only~Darlington | E82: Mattress Only | F82: Darlington | G82: 20 | H82: 4.3 | I82: 17 | J82: DARLINGTON | K82: TW DARLINGTON | L82: 497 | M82: 599.99 | N82: THERAPEDIC | O82: P | Q82: Adult | R82: Twin | S82: Innerspring | T82: 2-Good | U82: Side/Back/Stomach | V82: 2-Good | W82: 3-Superior | X82: Medium | Y82: =IFERROR(VLOOKUP(A82,Sheet3!B:H,6,false),VLOOKUP(J82,Sheet2!A:C,2,false)) -> https://assets.roomstogo.com/product/therapedic-darlington-twin-xl-mattress_50011368_image-item | Z82: =IFERROR(VLOOKUP(A82,Sheet3!B:H,7,false),VLOOKUP(J82,Sheet2!A:C,3,false)) -> https://assets.roomstogo.com/product/therapedic-darlington-twin-xl-mattress_50011368_alt-image-1
A83: 50122212 | B83: 1 | C83: 5 | D83: Mattress Only~Oceana Mist | E83: Mattress Only | F83: Oceana Mist | G83: 28 | H83: 4.71 | I83: 27 | J83: OCEANA MIST | K83: TW OCEANA MIST | L83: 347 | M83: 649.99 | N83: BEAUTYSLEEP | O83: P | P83: The Beauty Sleep Oceana Mist 11.5 Medium Hybrid mattress is designed for your lifestyle. With a smooth top panel, the Beauty Sleep Oceana Mist 11.5 Medium Hybrid mattress features AllCool Gel Foam and AllCool Gel Memory Foam that contours to your body for the ultimate pressure relief. Premium foams provide a responsive sleep surface for all-night comfort, support, airflow, and breathability. Plus, firm 815 Original Beauty Sleep Pocketed Coils provide consistent, supportive sleep at a value designed for your lifestyle. Medium Smooth Top Hybrid mattress. | Q83: Adult | R83: Twin | S83: Hybrid | T83: 2-Good | U83: Side/Back/Stomach | V83: 3-Superior | W83: 2-Good | X83: Medium | Y83: =IFERROR(VLOOKUP(A83,Sheet3!B:H,6,false),VLOOKUP(J83,Sheet2!A:C,2,false)) -> https://assets.roomstogo.com/product/beauty-sleep-oceana-mist-medium-hybrid-twin-xl-mattress_50022210_image-item | Z83: =IFERROR(VLOOKUP(A83,Sheet3!B:H,7,false),VLOOKUP(J83,Sheet2!A:C,3,false)) -> https://assets.roomstogo.com/product/beauty-sleep-oceana-mist-medium-hybrid-twin-xl-mattress_50022210_alt-image-8
A84: 50125749 | J84: LEVEL THREE PLUSH | K84: TW WORLD CLASS LEVEL THREE PLUSH | L84: 1299 | M84: 1299 | N84: BEAUTYREST WORLD CLASS | P84: Step up to a world class sleep experience with Beautyrest World Class. Provides cushy comfort that responds to movement with a soft-yet-supportive feel. InfiniCool MAX Technology adds advanced cooling with vertical cooling fibers. SurfaceTouch Gel Memory Foam is quilted into the sleep surface to unlock immediate, advanced comfort. World Class Relief HD Foam, featured in all level three Beautyrest mattresses, adapts to body temperature, providing responsive pressure relief. Beautyrest ActiveResponse MAX HD Memory Foam creates high-density contouring to help alleviate aches and pains. 1000-density Pocketed Coil Technology and higher density foams offer individualized support motion separation. | Q84: Adult | R84: Twin | S84: Innerspring | T84: 4-Premier | U84: Side/Back | V84: 4-Premier | W84: 4-Premier | X84: Soft | Y84: =IFERROR(VLOOKUP(A84,Sheet3!B:H,6,false),VLOOKUP(J84,Sheet2!A:C,2,false)) -> https://assets.roomstogo.com/product/beautyrest-world-class-level-three-plush-twin-xl-mattress_50025747_image-item | Z84: =IFERROR(VLOOKUP(A84,Sheet3!B:H,7,false),VLOOKUP(J84,Sheet2!A:C,3,false)) -> https://assets.roomstogo.com/product/beautyrest-world-class-level-three-plush-twin-xl-mattress_50025747_alt-image-13
A85: 50125751 | J85: LEVEL THREE MEDIUM PILLOWTOP | K85: TW WORLD CLASS LEVEL THREE MED PT | L85: 1499 | M85: 1499 | N85: BEAUTYREST WORLD CLASS | P85: Step up to a world class sleep experience with Beautyrest World Class. Provides medium support with just the right amount of pressure relief and cloud-like top layer. InfiniCool MAX Technology adds advanced cooling combined with natural lux fibers for added surface breathability. SurfaceTouch Gel Memory Foam is quilted into the sleep surface to unlock immediate, advanced comfort. GelTouch Foam helps provide comfort, support, airflow and breathability. World Class Relief HD Foam, featured in all level three Beautyrest mattresses, adapts to body temperature, providing responsive pressure relief. Beautyrest ActiveResponse MAX HD Memory Foam creates high-density contouring to help alleviate aches and pains. 1000-density Pocketed Coil Technology and higher density foams offer individualized support motion separation. | Q85: Adult | R85: Twin | S85: Innerspring | T85: 4-Premier | U85: Side/Back/Stomach | V85: 4-Premier | W85: 4-Premier | X85: Medium | Y85: =IFERROR(VLOOKUP(A85,Sheet3!B:H,6,false),VLOOKUP(J85,Sheet2!A:C,2,false)) -> https://assets.roomstogo.com/product/beautyrest-world-class-level-three-medium-pillow-top-twin-xl-mattress_50025759_image-item | Z85: =IFERROR(VLOOKUP(A85,Sheet3!B:H,7,false),VLOOKUP(J85,Sheet2!A:C,3,false)) -> https://assets.roomstogo.com/product/beautyrest-world-class-level-three-medium-pillow-top-twin-xl-mattress_50025759_alt-image-13
A86: 50125802 | J86: LEVEL FOUR PLUSH PILLOWTOP | K86: TW WORLD CLASS LEVEL FOUR PLUSH PT | L86: 1799 | M86: 1799 | N86: BEAUTYREST WORLD CLASS | P86: Step up to a world class sleep experience with Beautyrest World Class. Provides cushy comfort that responds to movement with a soft-yet-supportive feel and a cloud-like top layer. InfiniCool MAX Technology adds advanced cooling with vertical cooling fibers. Level Four mattresses feature twice the SurfaceTouch Gel Memory Foam, unlocking even more pressure relief right at the surface. World Class Relief HD Foam, featured in all level four Beautyrest mattresses, offers remarkable pressure relief that responds to your body. Beautyrest ActiveResponse MAX HD Memory Foam helps alleviate aches and pains withhigh-density contouring. 1000-density Pocketed Coil Technology and higher density foams offer individualized support motion separation. | Q86: Adult | R86: Twin | S86: Innerspring | T86: 5-Ultimate | U86: Side/Back | V86: 4-Premier | W86: 4-Premier | X86: Soft | Y86: =IFERROR(VLOOKUP(A86,Sheet3!B:H,6,false),VLOOKUP(J86,Sheet2!A:C,2,false)) -> https://assets.roomstogo.com/product/beautyrest-world-class-level-four-plush-pillow-top-twin-xl-mattress_50025800_image-item | Z86: =IFERROR(VLOOKUP(A86,Sheet3!B:H,7,false),VLOOKUP(J86,Sheet2!A:C,3,false)) -> https://assets.roomstogo.com/product/beautyrest-world-class-level-four-plush-pillow-top-twin-xl-mattress_50025800_alt-image-13
A87: 50128959 | J87: KERRY PARK | K87: TW KERRY PARK | L87: 797 | M87: 1399 | N87: CORRECT COMFORT | O87: P | Q87: Adult | R87: Twin | S87: Innerspring | T87: 4-Premier | U87: Side/Back | V87: 3-Superior | W87: 3-Superior | X87: Extra Soft | Y87: =IFERROR(VLOOKUP(A87,Sheet3!B:H,6,false),VLOOKUP(J87,Sheet2!A:C,2,false)) -> https://assets.roomstogo.com/product/sealy-correct-comfort-kerry-park-twin-xl-mattress_50028957_image-item | Z87: =IFERROR(VLOOKUP(A87,Sheet3!B:H,7,false),VLOOKUP(J87,Sheet2!A:C,3,false)) -> https://assets.roomstogo.com/product/sealy-correct-comfort-kerry-park-twin-xl-mattress_50028957_alt-image-1
A88: 50128961 | J88: BRADFORD HILL | K88: TW BRADFORD HILL | L88: 595 | M88: 699 | N88: CORRECT COMFORT | O88: P | Q88: Adult | R88: Twin | S88: Foam | T88: 3-Superior | U88: Side/Back/Stomach | V88: 3-Superior | W88: 2-Good | X88: Medium | Y88: =IFERROR(VLOOKUP(A88,Sheet3!B:H,6,false),VLOOKUP(J88,Sheet2!A:C,2,false)) -> https://assets.roomstogo.com/product/sealy-correct-comfort-bradford-hill-twin-xl-mattress_50028969_image-item | Z88: =IFERROR(VLOOKUP(A88,Sheet3!B:H,7,false),VLOOKUP(J88,Sheet2!A:C,3,false)) -> https://assets.roomstogo.com/product/sealy-correct-comfort-bradford-hill-twin-xl-mattress_50028969_alt-image-1
A89: 50129177 | B89: 1 | C89: 2 | D89: Mattress Only~Brierwood | E89: Mattress Only | F89: Brierwood | G89: 6 | H89: 4.17 | I89: 5 | J89: BRIERWOOD | K89: TW BRIERWOOD | L89: 577 | M89: 699 | N89: POSTUREPEDIC | O89: P | P89: The Sealy Posturepedic Briarwood Medium mattress offers lasting comfort and superior support to help maintain natural body alignment and reduce nagging Bed Aches. The orthopedic-inspired Posturepedic Support System features exclusive PrecisionFit Coils, arranged right where you need them. Plus the Coil Edge provides a solid surface that's built to last. | Q89: Adult | R89: Twin | S89: Innerspring | T89: 2-Good | U89: Side/Back/Stomach | V89: 2-Good | W89: 2-Good | X89: Medium | Y89: =IFERROR(VLOOKUP(A89,Sheet3!B:H,6,false),VLOOKUP(J89,Sheet2!A:C,2,false)) -> https://assets.roomstogo.com/product/sealy-posturepedic-brierwood-twin-xl-mattress_50029175_image-item | Z89: =IFERROR(VLOOKUP(A89,Sheet3!B:H,7,false),VLOOKUP(J89,Sheet2!A:C,3,false)) -> https://assets.roomstogo.com/product/sealy-posturepedic-brierwood-twin-xl-mattress_50029175_alt-image-1
A90: 50129204 | J90: CASTLE ROCK | K90: TW CASTLE ROCK | L90: 897 | M90: 1099 | N90: POSTUREPEDIC PLUS | O90: P | P90: The Sealy Posturepedic Castle Rock Medium EPT mattress delivers pressure-relieving comfort to help maintain natural body alignment and reduce nagging Bed Aches night after night. The orthopedic-inspired Posturepedic Plus Support System features exclusive PrecisionFit Coils, arranged right where you need them. Plus, the DuraFlex Coil Edge provides a reinforced solid surface that's built to last. | Q90: Adult | R90: Twin | S90: Innerspring | T90: 3-Superior | U90: Side/Back/Stomach | V90: 3-Superior | W90: 2-Good | X90: Medium | Y90: =IFERROR(VLOOKUP(A90,Sheet3!B:H,6,false),VLOOKUP(J90,Sheet2!A:C,2,false)) -> https://assets.roomstogo.com/product/sealy-posturepedic-castle-rock-twin-xl-mattress_50029202_image-item | Z90: =IFERROR(VLOOKUP(A90,Sheet3!B:H,7,false),VLOOKUP(J90,Sheet2!A:C,3,false)) -> https://assets.roomstogo.com/product/sealy-posturepedic-castle-rock-twin-xl-mattress_50029202_alt-image-1
A91: 50129216 | J91: PEBBLEBROOK | K91: TW PEBBLEBROOK | L91: 977 | M91: 1199 | N91: POSTUREPEDIC PRO | P91: The Sealy Posturepedic Pebblebrook Medium mattress offers pressure-relieving comfort and targeted support to help maintain natural body alignment and reduce nagging Bed Aches night after night. The orthopedic-inspired Posturepedic Pro Support System features exclusive PrecisionFit Coils enhanced by MaxSupport Technology for all-over support. And the DuraFlex Coil Edge provides a reinforced solid surface that's built to last. | Q91: Adult | R91: Twin | S91: Innerspring | T91: 3-Superior | U91: Side/Back/Stomach | V91: 4-Premier | W91: 3-Superior | X91: Medium | Y91: =IFERROR(VLOOKUP(A91,Sheet3!B:H,6,false),VLOOKUP(J91,Sheet2!A:C,2,false)) -> https://assets.roomstogo.com/product/sealy-posturepedic-pebblebrook-twin-xl-mattress_50029214_image-item | Z91: =IFERROR(VLOOKUP(A91,Sheet3!B:H,7,false),VLOOKUP(J91,Sheet2!A:C,3,false)) -> https://assets.roomstogo.com/product/sealy-posturepedic-pebblebrook-twin-xl-mattress_50029214_alt-image-1
A92: 50134116 | B92: 2 | C92: 3 | D92: Mattress Only~Tempur-kids | E92: Mattress Only | F92: Tempur-kids | G92: 13 | H92: 3.92 | I92: 11 | J92: TEMPUR-KIDS | K92: TW TEMPUR-KIDS | L92: 699 | M92: 799 | N92: TEMPURPEDIC | P92: Exclusively at Rooms To Go, the TEMPUR-Kids mattress provides a restorative sleep experience for growing bodies. At the mattress surface, an anti-microbial cover is treated to defend against dust mite dander and other allergens to promote a fresh, healthy sleep environment. Beneath the cover, exclusive TEMPUR-ES Material creates a soft feel that relaxes your child's body. The ORIGINAL TEMPUR Material support layer adapts to your child's unique shape, providing conforming comfort. The end result is a plush mattress with body conforming support, which promotes deep, rejuvenating, Tempur-Pedic sleep. | Q92: Kid | R92: Twin | S92: Foam | T92: 5-Ultimate | U92: Side/Back/Stomach | V92: 5-Ultimate | W92: 2-Good | X92: Medium | Y92: =IFERROR(VLOOKUP(A92,Sheet3!B:H,6,false),VLOOKUP(J92,Sheet2!A:C,2,false)) -> https://assets.roomstogo.com/product/tempur-kids-twin-mattress_50134116_image-item | Z92: =IFERROR(VLOOKUP(A92,Sheet3!B:H,7,false),VLOOKUP(J92,Sheet2!A:C,3,false)) -> https://assets.roomstogo.com/product/tempur-kids-project-z-twin-mattress_50134116_alt-image-1
A93: 50152570 | B93: 2 | C93: 5 | D93: Mattress Only~Z-305 | E93: Mattress Only | F93: Z-305 | G93: 3 | H93: 5 | I93: 1 | J93: Z-305 | K93: TW Z-305 | L93: 277 | M93: 299.99 | N93: SEALY KIDS | O93: P | P93: Kid-friendly knitted fabric stretches in four directions, making the most of each comfort layer. Gel-infused quilted foam is soft to the touch, cradles the body, and helps keep the sleep surface cool. Active-Z's support layer offers medium firm upholstery foam, providing long lasting comfort throughout the mattress. Advanced support system offers individually wrapped coils that adapt to body movements and provide targeted support where it's needed most. Solid edge system delivers superior performance, additional sleep surface, and overall mattress stability with edge-to-edge foam encasement. | Q93: Kid | R93: Twin | S93: Innerspring | T93: 2-Good | U93: Side/Back/Stomach | V93: 2-Good | W93: 2-Good | X93: Medium | Y93: =IFERROR(VLOOKUP(A93,Sheet3!B:H,6,false),VLOOKUP(J93,Sheet2!A:C,2,false)) -> https://assets.roomstogo.com/product/sealy-kids-z-305-twin-mattress_50152570_image-item | Z93: =IFERROR(VLOOKUP(A93,Sheet3!B:H,7,false),VLOOKUP(J93,Sheet2!A:C,3,false)) -> https://assets.roomstogo.com/product/sealy-kids-z-305-twin-mattress_50152570_alt-image-1
A94: 50152582 | J94: Z-505 | K94: TW Z-505 | L94: 327 | M94: 349.99 | N94: SEALY KIDS | O94: P | P94: Kid-friendly knitted stretch fabric features cooling performance yarns engineered for a comfortable night's sleep. Gel-infused quilted foam is soft to the touch, cradles the body, and helps keep the sleep surface cool. Active-Z gel memory foam layer provides advanced air cushioning for additional temperature control. Advanced support system offers individually wrapped coils that adapt to body movements and provide targeted support where it's needed most. Solid edge system delivers superior performance, additional sleep surface, and overall mattress stability with edge-to-edge foam encasement. | Q94: Kid | R94: Twin | S94: Innerspring | T94: 3-Superior | U94: Side/Back | V94: 3-Superior | W94: 4-Premier | X94: Soft | Y94: =IFERROR(VLOOKUP(A94,Sheet3!B:H,6,false),VLOOKUP(J94,Sheet2!A:C,2,false)) -> https://assets.roomstogo.com/product/sealy-kids-z-505-twin-mattress_50152582_image-item | Z94: =IFERROR(VLOOKUP(A94,Sheet3!B:H,7,false),VLOOKUP(J94,Sheet2!A:C,3,false)) -> https://assets.roomstogo.com/product/sealy-kids-z-505-twin-mattress_50152582_alt-image-1
A95: 50170047 | B95: 1 | C95: 5 | D95: Mattress Only~Helix Kids | E95: Mattress Only | F95: Helix Kids | G95: 1 | H95: 5 | I95: 0 | J95: HELIX KIDS | K95: TW HELIX KIDS | L95: 599 | M95: 748.75 | N95: HELIX | Q95: Kid | R95: Twin | S95: Innerspring | T95: 4-Premier | U95: Side/Back/Stomach | V95: 5-Ultimate | W95: 3-Superior | X95: Dual | Y95: =IFERROR(VLOOKUP(A95,Sheet3!B:H,6,false),VLOOKUP(J95,Sheet2!A:C,2,false)) -> https://assets.roomstogo.com/product/helix-kids-twin-mattress_50170047_image-item | Z95: =IFERROR(VLOOKUP(A95,Sheet3!B:H,7,false),VLOOKUP(J95,Sheet2!A:C,3,false)) -> https://assets.roomstogo.com/product/helix-kids-twin-mattress_50170047_alt-image-6
A96: 50170112 | J96: HELIX MIDNIGHT LUXE | K96: TW HELIX MIDNIGHT LUXE | L96: 1348 | M96: 1685 | N96: HELIX | Q96: Adult | R96: Twin | S96: Innerspring | T96: 4-Premier | U96: Side/Back/Stomach | V96: 4-Premier | W96: 3-Superior | X96: Medium | Y96: =IFERROR(VLOOKUP(A96,Sheet3!B:H,6,false),VLOOKUP(J96,Sheet2!A:C,2,false)) -> https://assets.roomstogo.com/product/helix-midnight-luxe-twin-xl-mattress_50070110_image-item | Z96: =IFERROR(VLOOKUP(A96,Sheet3!B:H,7,false),VLOOKUP(J96,Sheet2!A:C,3,false)) -> https://assets.roomstogo.com/product/helix-midnight-luxe-twin-xl-mattress_50070110_alt-image-1
A97: 50170124 | J97: HELIX MIDNIGHT ELITE | K97: TW HELIX MIDNIGHT ELITE | L97: 1999 | M97: 2498.75 | N97: HELIX | Q97: Adult | R97: Twin | S97: Innerspring | T97: 5-Ultimate | U97: Side/Back/Stomach | V97: 4-Premier | W97: 4-Premier | X97: Medium | Y97: =IFERROR(VLOOKUP(A97,Sheet3!B:H,6,false),VLOOKUP(J97,Sheet2!A:C,2,false)) -> https://assets.roomstogo.com/product/helix-midnight-elite-twin-xl-mattress_50070122_image-item | Z97: =IFERROR(VLOOKUP(A97,Sheet3!B:H,7,false),VLOOKUP(J97,Sheet2!A:C,3,false)) -> https://assets.roomstogo.com/product/helix-midnight-elite-twin-xl-mattress_50070122_alt-image-1
A98: 50218607 | B98: 6 | C98: 4.5 | D98: Twin Adjustable Base Only~Ease 4.0 | E98: Twin Adjustable Base Only | F98: Ease 4.0 | G98: 11 | H98: 4.45 | I98: 5 | J98: EASE 4.0 | K98: TW EASE 4.0 | L98: 899 | M98: 899 | P98: Boasting all of the features of a power base, the Sealy Ease 4.0 adjustable base delivers custom comfort. Adjustable head and foot positions promote ergonomic alignment using a wireless remote. For enhanced relaxation, the zero gravity preset relieves pressure from your lower back to simulate a feeling of weightlessness. Easily set the base flat again with the touch of a button. Plus, tapered legs feature removable pieces to conveniently adjust the base height. Its light, thin profile offers a more seamless storage experience. | Q98: Adult | R98: Twin | Y98: =IFERROR(VLOOKUP(A98,Sheet3!B:H,6,false),VLOOKUP(J98,Sheet2!A:C,2,false)) -> #N/A | Z98: =IFERROR(VLOOKUP(A98,Sheet3!B:H,7,false),VLOOKUP(J98,Sheet2!A:C,3,false)) -> #N/A
A99: 50300549 | B99: 78 | C99: 4.21 | D99: Mattress Only~Casper Cloud One | E99: Mattress Only | F99: Casper Cloud One | G99: 81 | H99: 4.23 | I99: 3 | J99: CASPER CLOUD ONE | K99: FL CASPER CLOUD ONE | L99: 959 | M99: 1199 | N99: CASPER | Q99: Adult | R99: Full | S99: Foam | T99: 3-Superior | U99: Side/Back/Stomach | V99: 3-Superior | W99: 2-Good | X99: Medium | Y99: =IFERROR(VLOOKUP(A99,Sheet3!B:H,6,false),VLOOKUP(J99,Sheet2!A:C,2,false)) -> https://assets.roomstogo.com/product/casper-cloud-one-twin-xl-mattress_50000543_image-item | Z99: =IFERROR(VLOOKUP(A99,Sheet3!B:H,7,false),VLOOKUP(J99,Sheet2!A:C,3,false)) -> https://assets.roomstogo.com/product/casper-cloud-one-twin-xl-mattress_50000543_alt-image-1
A100: 50300575 | J100: CASPER SNOW 2.0 | K100: FL CASPER SNOW 2.0 | L100: 1995 | M100: 2495 | N100: CASPER | P100: Casper signature cooling hybrid mattress. Specialty cool-to-the-touch fibers give an instantly refreshing feel. Phase Change Materialinstantly pulls heat away whileHeatDeleteT Bandswork all night to remove excess body heat to help yousleep 5 cooler all night long. Soothe Memory Foam conforms to the body and gently eases you into deep sleep. Zoned Support helps keep your spine in alignment with firmer foam under the hips, waist and lower back. Individually pocketed Flex Coils reduce motion transfer and boost support. | Q100: Adult | R100: Full | S100: Hybrid | T100: 3-Superior | U100: Side/Back/Stomach | V100: 3-Superior | W100: 4-Premier | X100: Medium | Y100: =IFERROR(VLOOKUP(A100,Sheet3!B:H,6,false),VLOOKUP(J100,Sheet2!A:C,2,false)) -> https://assets.roomstogo.com/product/casper-snow-20-twin-xl-mattress_50000579_image-item | Z100: =IFERROR(VLOOKUP(A100,Sheet3!B:H,7,false),VLOOKUP(J100,Sheet2!A:C,3,false)) -> https://assets.roomstogo.com/product/casper-snow-20-twin-xl-mattress_50000579_alt-image-1
...

Sheet Formulas sheet
A1: Sku Number | B1: Count of Reviews (posted) | C1: Avg Star Rating | D1: VPC | E1: VPC 1 | F1: VPC 2 | G1: VCP Count of Reviews | H1: VPC Avg Star Rating | I1: Count of 'collection' Reviews | J1: Theme | K1: Intermediate product name | L1: Intermediate product & Size | M1: Customer Description | N1: Sale Price | O1: Regular Price | P1: Specialty Brand | Q1: Proprietary (P) | R1: Collection Copy | S1: Mattress Designation | T1: Mattress Size | U1: Mattress Type | V1: Pressure Relief | W1: Sleep Position | X1: Support Level | Y1: Temperature Management | Z1: Comfort | AA1: Image 1 | AB1: Image 2 | AC1: Base product link | AD1: Actual variant link
A2: 50000543 | J2: CASPER CLOUD ONE | K2: CASPER-CLOUD-ONE | L2: =K2&T2 -> CASPER-CLOUD-ONETwin XL | M2: TWX CASPER CLOUD ONE | N2: 879 | O2: 1099 | P2: CASPER | S2: Adult | T2: Twin XL | U2: Foam | V2: 3-Superior | W2: Side/Back/Stomach | X2: 3-Superior | Y2: 2-Good | Z2: Medium | AA2: =IFERROR(VLOOKUP(A2,Sheet3!B:H,6,false),VLOOKUP(J2,Sheet2!A:C,2,false)) -> https://assets.roomstogo.com/product/casper-cloud-one-twin-xl-mattress_50000543_image-item | AB2: =IFERROR(VLOOKUP(A2,Sheet3!B:H,7,false),VLOOKUP(J2,Sheet2!A:C,3,false)) -> https://assets.roomstogo.com/product/casper-cloud-one-twin-xl-mattress_50000543_alt-image-1 | AC2: ="https://rtg-275.myshopify.com/products/"&K2 -> https://rtg-275.myshopify.com/products/CASPER-CLOUD-ONE | AD2: =vlookup(L2,'Python sheet'!$E$2:$F$373,2,0) -> https://rtg-275.myshopify.com/products/CASPER-CLOUD-ONE?variant=47915101520010
A3: 50000579 | J3: CASPER SNOW 2.0 | K3: CASPER-SNOW-2-0 | L3: =K3&T3 -> CASPER-SNOW-2-0Twin XL | M3: TWXL CASPER SNOW 2.0 | N3: 1595 | O3: 1995 | P3: CASPER | R3: Casper signature cooling hybrid mattress. Specialty cool-to-the-touch fibers give an instantly refreshing feel. Phase Change Materialinstantly pulls heat away whileHeatDeleteT Bandsremove excess body heat to help yousleep 5 cooler all night long. Soothe Memory Foam conforms to the body and gently eases you into deep sleep. Zoned Support helps keep your spine in alignment with firmer foam under the hips, waist and lower back. Individually pocketed Flex Coils reduce motion transfer and boost support. | S3: Adult | T3: Twin XL | U3: Hybrid | V3: 3-Superior | W3: Side/Back/Stomach | X3: 3-Superior | Y3: 4-Premier | Z3: Medium | AA3: =IFERROR(VLOOKUP(A3,Sheet3!B:H,6,false),VLOOKUP(J3,Sheet2!A:C,2,false)) -> https://assets.roomstogo.com/product/casper-snow-20-twin-xl-mattress_50000579_image-item | AB3: =IFERROR(VLOOKUP(A3,Sheet3!B:H,7,false),VLOOKUP(J3,Sheet2!A:C,3,false)) -> https://assets.roomstogo.com/product/casper-snow-20-twin-xl-mattress_50000579_alt-image-1 | AC3: ="https://rtg-275.myshopify.com/products/"&K3 -> https://rtg-275.myshopify.com/products/CASPER-SNOW-2-0 | AD3: =vlookup(L3,'Python sheet'!$E$2:$F$373,2,0) -> https://rtg-275.myshopify.com/products/CASPER-SNOW-2-0?variant=47915101749386
A4: 50000581 | B4: 1 | C4: 5 | D4: Mattress Only~Casper Snow Max | E4: Mattress Only | F4: Casper Snow Max | G4: 380 | H4: 4.42 | I4: 379 | J4: CASPER SNOW MAX | K4: CASPER-SNOW-MAX | L4: =K4&T4 -> CASPER-SNOW-MAXTwin XL | M4: TWXL CASPER SNOW MAX | N4: 2595 | O4: 3245 | P4: CASPER | R4: Ultimate cooling hybrid mattress. Specialty cool-to-the-touch fibers give an instantly refreshing feel. Phase Change MaterialandHeatDeleteT Bands remove excess body heat and help yousleep 6 cooler all night long. Precision-cut foam and encased coils for a breathable and supportive medium-soft feel. Ultra-supportive Align Memory Foam keeps you aligned for your deepest sleep. Firmer center foam cradles your body while giving added support to your hips, waist and lower back. Individually pocketed Flex Coils flex reduce motion transfer and boost support. | S4: Adult | T4: Twin XL | U4: Hybrid | V4: 4-Premier | W4: Side/Back | X4: 3-Superior | Y4: 5-Ultimate | Z4: Soft | AA4: =IFERROR(VLOOKUP(A4,Sheet3!B:H,6,false),VLOOKUP(J4,Sheet2!A:C,2,false)) -> https://assets.roomstogo.com/product/casper-snow-max-twin-xl-mattress_50000581_image-item | AB4: =IFERROR(VLOOKUP(A4,Sheet3!B:H,7,false),VLOOKUP(J4,Sheet2!A:C,3,false)) -> https://assets.roomstogo.com/product/casper-snow-max-twin-xl-mattress_50000581_alt-image-1 | AC4: ="https://rtg-275.myshopify.com/products/"&K4 -> https://rtg-275.myshopify.com/products/CASPER-SNOW-MAX | AD4: =vlookup(L4,'Python sheet'!$E$2:$F$373,2,0) -> https://rtg-275.myshopify.com/products/CASPER-SNOW-MAX?variant=47915101978762
A5: 50000682 | J5: CASPER ONYX 2.0 | K5: CASPER-ONYX-2-0 | L5: =K5&T5 -> CASPER-ONYX-2-0Twin XL | M5: TWXL CASPER ONYX 2.0 | N5: 699 | O5: 799 | P5: CASPER | Q5: P | R5: The Casper Onyx mattress is designed with 3 layers of foam for comfort, breathability and support. Obsessively engineered by Casper's award-winning research and development team, this mattress contains Breathe Flex Foam for support and pressure relief & Breathe Foam for air flow that pairs breathability with softness for all-night comfort. Key FeaturesA cozy knit cover designed with added stretch so you can experience all the comfort your mattress has to offer. Features a top layer of Breathe Flex Foam that's both responsive and breathable to soothe you to sleep with the perfect bit of bounce. A firm Casper Core base provides long-lasting support while preventing sinking and sagging. Foams are certified by the CertiPUR-US program, meaning they are made without ozone depleting chemicals and regulated by the Consumer Product Safety Commission Low VOC Volatile Organic Compound emissions for indoor air quality less than 0.5 parts per million. | S5: Adult | T5: Twin XL | U5: Foam | V5: 2-Good | W5: Side/Back/Stomach | X5: 2-Good | Y5: 2-Good | Z5: Medium | AA5: =IFERROR(VLOOKUP(A5,Sheet3!B:H,6,false),VLOOKUP(J5,Sheet2!A:C,2,false)) -> https://assets.roomstogo.com/product/casper-onyx-20-twin-xl-mattress_50000682_image-item | AB5: =IFERROR(VLOOKUP(A5,Sheet3!B:H,7,false),VLOOKUP(J5,Sheet2!A:C,3,false)) -> https://assets.roomstogo.com/product/casper-onyx-20-twin-xl-mattress_50000682_alt-image-1 | AC5: ="https://rtg-275.myshopify.com/products/"&K5 -> https://rtg-275.myshopify.com/products/CASPER-ONYX-2-0 | AD5: =vlookup(L5,'Python sheet'!$E$2:$F$373,2,0) -> https://rtg-275.myshopify.com/products/CASPER-ONYX-2-0?variant=47915102175370
A6: 50001773 | J6: SMART MATCH 2.0 | K6: SMART-MATCH-2-0 | L6: =K6&T6 -> SMART-MATCH-2-0Twin XL | M6: TWX SMART MATCH 2.0 | N6: 1077 | O6: 3199 | P6: KINGSDOWN | T6: Twin XL | U6: Innerspring | V6: 4-Premier | W6: Side/Back/Stomach | X6: 4-Premier | Y6: 3-Superior | Z6: Medium | AA6: =IFERROR(VLOOKUP(A6,Sheet3!B:H,6,false),VLOOKUP(J6,Sheet2!A:C,2,false)) -> https://assets.roomstogo.com/product/kingsdown-smart-match-20-twin-xl-mattress_50001773_image-item | AB6: =IFERROR(VLOOKUP(A6,Sheet3!B:H,7,false),VLOOKUP(J6,Sheet2!A:C,3,false)) -> https://assets.roomstogo.com/product/kingsdown-smart-match-20-twin-xl-mattress_50001773_alt-image-1 | AC6: ="https://rtg-275.myshopify.com/products/"&K6 -> https://rtg-275.myshopify.com/products/SMART-MATCH-2-0 | AD6: =vlookup(L6,'Python sheet'!$E$2:$F$373,2,0) -> https://rtg-275.myshopify.com/products/SMART-MATCH-2-0?variant=47915102470282
A7: 50007460 | B7: 332 | C7: 4.48 | D7: Mattress Only~Adapt 2.0 Medium | E7: Mattress Only | F7: Adapt 2.0 Medium | G7: 346 | H7: 4.43 | I7: 14 | J7: ADAPT 2.0 MEDIUM | K7: ADAPT-2-0-MEDIUM | L7: =K7&T7 -> ADAPT-2-0-MEDIUMTwin XL | M7: TWXL ADAPT MEDIUM | N7: 1699 | O7: 1699 | P7: TEMPURPEDIC | R7: .Superior cool-to-the-touch feel with a premium knit cover..TEMPUR-Material provides one-of-a-kind, body-conforming support by responding to your body's weight, shape, and temperature to help reduce aches and pains..A second layer of TEMPUR-Material absorbs motion to help minimize disruptions caused by movement from partners, pets, or kids. | S7: Adult | T7: Twin XL | U7: Foam | V7: 4-Premier | W7: Side/Back/Stomach | X7: 4-Premier | Y7: 4-Premier | Z7: Medium | AA7: =IFERROR(VLOOKUP(A7,Sheet3!B:H,6,false),VLOOKUP(J7,Sheet2!A:C,2,false)) -> https://assets.roomstogo.com/product/tempur-pedic-adapt-20-medium-twin-xl-mattress_50007460_image-item | AB7: =IFERROR(VLOOKUP(A7,Sheet3!B:H,7,false),VLOOKUP(J7,Sheet2!A:C,3,false)) -> https://assets.roomstogo.com/product/tempur-pedic-adapt-20-medium-twin-xl-mattress_50007460_alt-image-1 | AC7: ="https://rtg-275.myshopify.com/products/"&K7 -> https://rtg-275.myshopify.com/products/ADAPT-2-0-MEDIUM | AD7: =vlookup(L7,'Python sheet'!$E$2:$F$373,2,0) -> https://rtg-275.myshopify.com/products/ADAPT-2-0-MEDIUM?variant=47915102765194
A8: 50007472 | B8: 2576 | C8: 4.2 | D8: Mattress Only~Adapt 2.0 Medium Hybrid | E8: Mattress Only | F8: Adapt 2.0 Medium Hybrid | G8: 2587 | H8: 4.2 | I8: 11 | J8: ADAPT 2.0 MEDIUM HYBRID | K8: ADAPT-2-0-MEDIUM-HYBRID | L8: =K8&T8 -> ADAPT-2-0-MEDIUM-HYBRIDTwin XL | M8: TWXL ADAPT MEDIUM HYBRID | N8: 1999 | O8: 1999 | P8: TEMPURPEDIC | R8: .Superior cool-to-the-touch feel with a premium knit cover..TEMPUR-Material provides one-of-a-kind, body-conforming support by responding to your body's weight, shape, and temperature to help reduce aches and pains..A second layer of TEMPUR-Material absorbs motion to help minimize disruptions caused by movement from partners, pets, or kids..Hybrid technology combines premium innersprings with TEMPUR-Material to deliver the right combination of pressure relief and support. | S8: Adult | T8: Twin XL | U8: Hybrid | V8: 4-Premier | W8: Side/Back/Stomach | X8: 4-Premier | Y8: 4-Premier | Z8: Medium | AA8: =IFERROR(VLOOKUP(A8,Sheet3!B:H,6,false),VLOOKUP(J8,Sheet2!A:C,2,false)) -> https://assets.roomstogo.com/product/tempur-pedic-adapt-20-medium-hybrid-twin-xl-mattress_50007472_image-item | AB8: =IFERROR(VLOOKUP(A8,Sheet3!B:H,7,false),VLOOKUP(J8,Sheet2!A:C,3,false)) -> https://assets.roomstogo.com/product/tempur-pedic-adapt-20-medium-hybrid-twin-xl-mattress_50007472_alt-image-1 | AC8: ="https://rtg-275.myshopify.com/products/"&K8 -> https://rtg-275.myshopify.com/products/ADAPT-2-0-MEDIUM-HYBRID | AD8: =vlookup(L8,'Python sheet'!$E$2:$F$373,2,0) -> https://rtg-275.myshopify.com/products/ADAPT-2-0-MEDIUM-HYBRID?variant=47915103125642
A9: 50007484 | B9: 237 | C9: 4.6 | D9: Mattress Only~Proadapt 2.0 Firm | E9: Mattress Only | F9: Proadapt 2.0 Firm | G9: 245 | H9: 4.62 | I9: 8 | J9: PROADAPT 2.0 FIRM | K9: PROADAPT-2-0-FIRM | L9: =K9&T9 -> PROADAPT-2-0-FIRMTwin XL | M9: TWXL PROADAPT FIRM | N9: 2899 | O9: 2899 | P9: TEMPURPEDIC | R9: .The removable, machine-washable, and cool-to-the-touch SmartClimate cover features heat-absorbing fibers, drawing heat away from the body for added cooling comfort..Ventilated Advanced Relief Material provides pressure relief and added ventilation for increased airflow..TEMPUR-Material provides one-of-a-kind, body-conforming support by responding to your body's weight, shape, and temperature. | S9: Adult | T9: Twin XL | U9: Foam | V9: 4-Premier | W9: Stomach/Back | X9: 5-Ultimate | Y9: 4-Premier | Z9: Firm | AA9: =IFERROR(VLOOKUP(A9,Sheet3!B:H,6,false),VLOOKUP(J9,Sheet2!A:C,2,false)) -> https://assets.roomstogo.com/product/tempur-pedic-proadapt-20-firm-twin-xl-mattress_50007484_image-item | AB9: =IFERROR(VLOOKUP(A9,Sheet3!B:H,7,false),VLOOKUP(J9,Sheet2!A:C,3,false)) -> https://assets.roomstogo.com/product/tempur-pedic-proadapt-20-firm-twin-xl-mattress_50007484_alt-image-1 | AC9: ="https://rtg-275.myshopify.com/products/"&K9 -> https://rtg-275.myshopify.com/products/PROADAPT-2-0-FIRM | AD9: =vlookup(L9,'Python sheet'!$E$2:$F$373,2,0) -> https://rtg-275.myshopify.com/products/PROADAPT-2-0-FIRM?variant=47915103453322
A10: 50007511 | B10: 302 | C10: 4.48 | D10: Mattress Only~Probreeze 2.0 Medium Hybrid | E10: Mattress Only | F10: Probreeze 2.0 Medium Hybrid | G10: 306 | H10: 4.48 | I10: 4 | J10: PROBREEZE 2.0 MEDIUM HYBRID | K10: PROBREEZE-2-0-MEDIUM-HYBRID | L10: =K10&T10 -> PROBREEZE-2-0-MEDIUM-HYBRIDTwin XL | M10: TWXL PROBREEZE MED HYBRID | N10: 3899 | O10: 3899 | P10: TEMPURPEDIC | R10: Experience all-night cooling with the all-new TEMPUR-ProBreeze mattress. Features a removable, machine-washable cover with heat-absorbing fibers that provide cooling comfort. Premium hybrid technology combines over 1,000 innersprings with Tempur-Pedic's pressure relieving and cooling materials. Delivers exceptional support and ensures cool and comfortable sleep every night. | S10: Adult | T10: Twin XL | U10: Hybrid | V10: 4-Premier | W10: Side/Back/Stomach | X10: 5-Ultimate | Y10: 5-Ultimate | Z10: Medium | AA10: =IFERROR(VLOOKUP(A10,Sheet3!B:H,6,false),VLOOKUP(J10,Sheet2!A:C,2,false)) -> https://assets.roomstogo.com/product/tempur-pedic-probreeze-20-medium-hybrid-twin-xl-mattress_50007511_image-item | AB10: =IFERROR(VLOOKUP(A10,Sheet3!B:H,7,false),VLOOKUP(J10,Sheet2!A:C,3,false)) -> https://assets.roomstogo.com/product/tempur-pedic-probreeze-20-medium-hybrid-twin-xl-mattress_50007511_image-item | AC10: ="https://rtg-275.myshopify.com/products/"&K10 -> https://rtg-275.myshopify.com/products/PROBREEZE-2-0-MEDIUM-HYBRID | AD10: =vlookup(L10,'Python sheet'!$E$2:$F$373,2,0) -> https://rtg-275.myshopify.com/products/PROBREEZE-2-0-MEDIUM-HYBRID?variant=47915104043146
A11: 50007523 | B11: 5214 | C11: 4.27 | D11: Mattress Only~Proadapt 2.0 Medium | E11: Mattress Only | F11: Proadapt 2.0 Medium | G11: 5219 | H11: 4.27 | I11: 5 | J11: PROADAPT 2.0 MEDIUM | K11: PROADAPT-2-0-MEDIUM | L11: =K11&T11 -> PROADAPT-2-0-MEDIUMTwin XL | M11: TWXL PROADAPT MEDIUM | N11: 2899 | O11: 2899 | P11: TEMPURPEDIC | R11: .The removable, machine-washable, and cool-to-the-touch SmartClimate cover features heat-absorbing fibers, drawing heat away from the body for added cooling comfort..Ventilated Advanced Relief Material provides pressure relief and added ventilation for increased airflow..TEMPUR-Material provides one-of-a-kind, body-conforming support by responding to your body's weight, shape, and temperature. | S11: Adult | T11: Twin XL | U11: Foam | V11: 4-Premier | W11: Side/Back/Stomach | X11: 5-Ultimate | Y11: 4-Premier | Z11: Medium | AA11: =IFERROR(VLOOKUP(A11,Sheet3!B:H,6,false),VLOOKUP(J11,Sheet2!A:C,2,false)) -> https://assets.roomstogo.com/product/tempur-pedic-proadapt-20-medium-twin-xl-mattress_50007523_image-item | AB11: =IFERROR(VLOOKUP(A11,Sheet3!B:H,7,false),VLOOKUP(J11,Sheet2!A:C,3,false)) -> https://assets.roomstogo.com/product/tempur-pedic-proadapt-20-medium-twin-xl-mattress_50007523_alt-image-1 | AC11: ="https://rtg-275.myshopify.com/products/"&K11 -> https://rtg-275.myshopify.com/products/PROADAPT-2-0-MEDIUM | AD11: =vlookup(L11,'Python sheet'!$E$2:$F$373,2,0) -> https://rtg-275.myshopify.com/products/PROADAPT-2-0-MEDIUM?variant=47915104305290
A12: 50007535 | B12: 72 | C12: 4.31 | D12: Mattress Only~Proadapt 2.0 Soft | E12: Mattress Only | F12: Proadapt 2.0 Soft | G12: 77 | H12: 4.19 | I12: 5 | J12: PROADAPT 2.0 SOFT | K12: PROADAPT-2-0-SOFT | L12: =K12&T12 -> PROADAPT-2-0-SOFTTwin XL | M12: TWXL PROADAPT SOFT | N12: 2899 | O12: 2899 | P12: TEMPURPEDIC | R12: .The removable, machine-washable, and cool-to-the-touch SmartClimate cover features heat-absorbing fibers, drawing heat away from the body for added cooling comfort..Specially ventilated TEMPUR-Material delivers additional airflow and breathability, while providing pressure relief and motion absorption..Advanced Relief Material is the most pressure-relieving material made by Tempur-Pedic and conforms to your body for ultimate comfort. | S12: Adult | T12: Twin XL | U12: Foam | V12: 5-Ultimate | W12: Side/Back | X12: 5-Ultimate | Y12: 4-Premier | Z12: Soft | AA12: =IFERROR(VLOOKUP(A12,Sheet3!B:H,6,false),VLOOKUP(J12,Sheet2!A:C,2,false)) -> https://assets.roomstogo.com/product/tempur-pedic-proadapt-20-soft-twin-xl-mattress_50007535_image-item | AB12: =IFERROR(VLOOKUP(A12,Sheet3!B:H,7,false),VLOOKUP(J12,Sheet2!A:C,3,false)) -> https://assets.roomstogo.com/product/tempur-pedic-proadapt-20-soft-twin-xl-mattress_50007535_alt-image-1 | AC12: ="https://rtg-275.myshopify.com/products/"&K12 -> https://rtg-275.myshopify.com/products/PROADAPT-2-0-SOFT | AD12: =vlookup(L12,'Python sheet'!$E$2:$F$373,2,0) -> https://rtg-275.myshopify.com/products/PROADAPT-2-0-SOFT?variant=47915104567434
A13: 50007559 | B13: 960 | C13: 4.38 | D13: Mattress Only~Proadapt 2.0 Medium Hybrid | E13: Mattress Only | F13: Proadapt 2.0 Medium Hybrid | G13: 975 | H13: 4.38 | I13: 15 | J13: PROADAPT 2.0 MEDIUM HYBRID | K13: PROADAPT-2-0-MEDIUM-HYBRID | L13: =K13&T13 -> PROADAPT-2-0-MEDIUM-HYBRIDTwin XL | M13: TWXL PROADAPT MEDIUM HYBRID | N13: 2899 | O13: 2899 | P13: TEMPURPEDIC | R13: .The removable, machine-washable, and cool-to-the-touch SmartClimate cover features heat-absorbing fibers, drawing heat away from the body for added cooling comfort..Specially ventilated TEMPUR-Material delivers additional airflow and breathability, while providing pressure relief and motion absorption..Advanced Relief Material is the most pressure-relieving material made by Tempur-Pedic and contours to your body for ultimate comfort. .Hybrid technology mixes premium innersprings with one-of-a-kind Tempur-Pedic materials to deliver the right combination of relief and support. | S13: Adult | T13: Twin XL | U13: Hybrid | V13: 4-Premier | W13: Side/Back/Stomach | X13: 5-Ultimate | Y13: 4-Premier | Z13: Medium | AA13: =IFERROR(VLOOKUP(A13,Sheet3!B:H,6,false),VLOOKUP(J13,Sheet2!A:C,2,false)) -> https://assets.roomstogo.com/product/tempur-pedic-proadapt-20-medium-hybrid-twin-xl-mattress_50007559_image-item | AB13: =IFERROR(VLOOKUP(A13,Sheet3!B:H,7,false),VLOOKUP(J13,Sheet2!A:C,3,false)) -> https://assets.roomstogo.com/product/tempur-pedic-proadapt-20-medium-hybrid-twin-xl-mattress_50007559_alt-image-1 | AC13: ="https://rtg-275.myshopify.com/products/"&K13 -> https://rtg-275.myshopify.com/products/PROADAPT-2-0-MEDIUM-HYBRID | AD13: =vlookup(L13,'Python sheet'!$E$2:$F$373,2,0) -> https://rtg-275.myshopify.com/products/PROADAPT-2-0-MEDIUM-HYBRID?variant=47915104895114
A14: 50007561 | B14: 1233 | C14: 4.24 | D14: Mattress Only~Luxeadapt 2.0 Soft | E14: Mattress Only | F14: Luxeadapt 2.0 Soft | G14: 1234 | H14: 4.24 | I14: 1 | J14: LUXEADAPT 2.0 SOFT | K14: LUXEADAPT-2-0-SOFT | L14: =K14&T14 -> LUXEADAPT-2-0-SOFTTwin XL | M14: TWXL LUXEADAPT SOFT | N14: 4199 | O14: 4199 | P14: TEMPURPEDIC | R14: .The removable, machine-washable, and cool-to-the-touch SmartClimate cover features heat-absorbing fibers, drawing heat away from the body for added cooling comfort..Specially ventilated TEMPUR-Material delivers additional airflow and breathability, while providing pressure relief and motion absorption..Advanced Relief Material is the most pressure-relieving material made by Tempur-Pedic and contours to your body for ultimate comfort. .An ergonomic 5-zone support layer conforms to your body for targeted support in the spine, hips, and shoulders for personalized comfort. | S14: Adult | T14: Twin XL | U14: Foam | V14: 5-Ultimate | W14: Side/Back | X14: 5-Ultimate | Y14: 4-Premier | Z14: Soft | AA14: =IFERROR(VLOOKUP(A14,Sheet3!B:H,6,false),VLOOKUP(J14,Sheet2!A:C,2,false)) -> https://assets.roomstogo.com/product/tempur-pedic-luxeadapt-20-soft-twin-xl-mattress_50007561_image-item | AB14: =IFERROR(VLOOKUP(A14,Sheet3!B:H,7,false),VLOOKUP(J14,Sheet2!A:C,3,false)) -> https://assets.roomstogo.com/product/tempur-pedic-luxeadapt-20-soft-twin-xl-mattress_50007561_alt-image-1 | AC14: ="https://rtg-275.myshopify.com/products/"&K14 -> https://rtg-275.myshopify.com/products/LUXEADAPT-2-0-SOFT | AD14: =vlookup(L14,'Python sheet'!$E$2:$F$373,2,0) -> https://rtg-275.myshopify.com/products/LUXEADAPT-2-0-SOFT?variant=47915105157258
A15: 50007585 | B15: 125 | C15: 4.61 | D15: Mattress Only~Luxeadapt 2.0 Medium Hybrid | E15: Mattress Only | F15: Luxeadapt 2.0 Medium Hybrid | G15: 129 | H15: 4.62 | I15: 4 | J15: LUXEADAPT 2.0 MEDIUM HYBRID | K15: LUXEADAPT-2-0-MEDIUM-HYBRID | L15: =K15&T15 -> LUXEADAPT-2-0-MEDIUM-HYBRIDTwin XL | M15: TWXL LUXEADAPT MEDIUM HYBRID | N15: 4199 | O15: 4199 | P15: TEMPURPEDIC | R15: .The removable, machine-washable, and cool-to-the-touch SmartClimate cover features heat-absorbing fibers, drawing heat away from the body for added cooling comfort..Specially ventilated TEMPUR-Material delivers additional airflow and breathability, while providing pressure relief and motion absorption..Advanced Relief Material is the most pressure-relieving material made by Tempur-Pedic and contours to your body for ultimate comfort. .Hybrid technology mixes premium innersprings with a proprietary hybrid material to deliver a lighter, more-responsive feel that helps support any sleep position. | S15: Adult | T15: Twin XL | U15: Hybrid | V15: 5-Ultimate | W15: Side/Back/Stomach | X15: 5-Ultimate | Y15: 4-Premier | Z15: Medium | AA15: =IFERROR(VLOOKUP(A15,Sheet3!B:H,6,false),VLOOKUP(J15,Sheet2!A:C,2,false)) -> https://assets.roomstogo.com/product/tempur-pedic-luxeadapt-20-medium-hybrid-twin-xl-mattress_50007585_image-item | AB15: =IFERROR(VLOOKUP(A15,Sheet3!B:H,7,false),VLOOKUP(J15,Sheet2!A:C,3,false)) -> https://assets.roomstogo.com/product/tempur-pedic-luxeadapt-20-medium-hybrid-twin-xl-mattress_50007585_alt-image-1 | AC15: ="https://rtg-275.myshopify.com/products/"&K15 -> https://rtg-275.myshopify.com/products/LUXEADAPT-2-0-MEDIUM-HYBRID | AD15: =vlookup(L15,'Python sheet'!$E$2:$F$373,2,0) -> https://rtg-275.myshopify.com/products/LUXEADAPT-2-0-MEDIUM-HYBRID?variant=47915105386634
A16: 50007624 | B16: 434 | C16: 4.54 | D16: Mattress Only~Luxebreeze 2.0 Firm | E16: Mattress Only | F16: Luxebreeze 2.0 Firm | G16: 440 | H16: 4.54 | I16: 6 | J16: LUXEBREEZE 2.0 FIRM | K16: LUXEBREEZE-2-0-FIRM | L16: =K16&T16 -> LUXEBREEZE-2-0-FIRMTwin XL | M16: TWXL LUXEBREEZE FIRM | N16: 5199 | O16: 5199 | P16: TEMPURPEDIC | R16: The all-new TEMPUR-LuxeBreeze mattress feels up to 10 cooler. Features advanced Pure Cool Plus material designed to pull heat away from the body so even the hottest sleepers can stay cool throughout the night. One-of-a-kind Tempur-Pedic Ventilated Advanced Relief material increases airflow throughout the mattress for a deeper, more restful sleep. | S16: Adult | T16: Twin XL | U16: Foam | V16: 5-Ultimate | W16: Stomach/Back | X16: 5-Ultimate | Y16: 5-Ultimate | Z16: Firm | AA16: =IFERROR(VLOOKUP(A16,Sheet3!B:H,6,false),VLOOKUP(J16,Sheet2!A:C,2,false)) -> https://assets.roomstogo.com/product/tempur-pedic-luxebreeze-20-firm-twin-xl-mattress_50007624_image-item | AB16: =IFERROR(VLOOKUP(A16,Sheet3!B:H,7,false),VLOOKUP(J16,Sheet2!A:C,3,false)) -> https://assets.roomstogo.com/product/tempur-pedic-luxebreeze-20-firm-twin-xl-mattress_50007624_image-item | AC16: ="https://rtg-275.myshopify.com/products/"&K16 -> https://rtg-275.myshopify.com/products/LUXEBREEZE-2-0-FIRM | AD16: =vlookup(L16,'Python sheet'!$E$2:$F$373,2,0) -> https://rtg-275.myshopify.com/products/LUXEBREEZE-2-0-FIRM?variant=47915105583242
A17: 50009870 | J17: TUFT & NEEDLE STITCH TN3.1 | K17: TUFT-NEEDLE-STITCH-TN3-1 | L17: =K17&T17 -> TUFT-NEEDLE-STITCH-TN3-1Twin XL | M17: TWX T&N TN3.1 | N17: 797 | O17: 999 | P17: TUFT & NEEDLE | Q17: P | S17: Adult | T17: Twin XL | U17: Hybrid | V17: 3-Superior | W17: Side/Back/Stomach | X17: 3-Superior | Y17: 3-Superior | Z17: Medium | AA17: =IFERROR(VLOOKUP(A17,Sheet3!B:H,6,false),VLOOKUP(J17,Sheet2!A:C,2,false)) -> https://assets.roomstogo.com/product/tuft-needle-stitch-tn31-twin-xl-mattress_50009870_image-item | AB17: =IFERROR(VLOOKUP(A17,Sheet3!B:H,7,false),VLOOKUP(J17,Sheet2!A:C,3,false)) -> https://assets.roomstogo.com/product/tuft-needle-stitch-tn31-twin-xl-mattress_50009870_alt-image-1 | AC17: ="https://rtg-275.myshopify.com/products/"&K17 -> https://rtg-275.myshopify.com/products/TUFT-NEEDLE-STITCH-TN3-1 | AD17: =vlookup(L17,'Python sheet'!$E$2:$F$373,2,0) -> https://rtg-275.myshopify.com/products/TUFT-NEEDLE-STITCH-TN3-1?variant=47915105910922
A18: 50009882 | J18: TUFT & NEEDLE STITCH TN5.1 | K18: TUFT-NEEDLE-STITCH-TN5-1 | L18: =K18&T18 -> TUFT-NEEDLE-STITCH-TN5-1Twin XL | M18: TWX T&N TN5.1 | N18: 795 | O18: 1399 | P18: TUFT & NEEDLE | Q18: P | S18: Adult | T18: Twin XL | U18: Hybrid | V18: 4-Premier | W18: Stomach/Back | X18: 4-Premier | Y18: 4-Premier | Z18: Firm | AA18: =IFERROR(VLOOKUP(A18,Sheet3!B:H,6,false),VLOOKUP(J18,Sheet2!A:C,2,false)) -> https://assets.roomstogo.com/product/tuft-needle-stitch-tn51-twin-xl-mattress_50009882_image-item | AB18: =IFERROR(VLOOKUP(A18,Sheet3!B:H,7,false),VLOOKUP(J18,Sheet2!A:C,3,false)) -> https://assets.roomstogo.com/product/tuft-needle-stitch-tn51-twin-xl-mattress_50009882_alt-image-1 | AC18: ="https://rtg-275.myshopify.com/products/"&K18 -> https://rtg-275.myshopify.com/products/TUFT-NEEDLE-STITCH-TN5-1 | AD18: =vlookup(L18,'Python sheet'!$E$2:$F$373,2,0) -> https://rtg-275.myshopify.com/products/TUFT-NEEDLE-STITCH-TN5-1?variant=47915106140298
A19: 50009907 | J19: TUFT & NEEDLE STITCH TN9.1 | K19: TUFT-NEEDLE-STITCH-TN9-1 | L19: =K19&T19 -> TUFT-NEEDLE-STITCH-TN9-1Twin XL | M19: TWX T&N TN9.1 | N19: 1597 | O19: 2099 | P19: TUFT & NEEDLE | Q19: P | S19: Adult | T19: Twin XL | U19: Hybrid | V19: 5-Ultimate | W19: Side/Back | X19: 4-Premier | Y19: 4-Premier | Z19: Soft | AA19: =IFERROR(VLOOKUP(A19,Sheet3!B:H,6,false),VLOOKUP(J19,Sheet2!A:C,2,false)) -> https://assets.roomstogo.com/product/tuft-needle-stitch-tn91-twin-xl-mattress_50009907_image-item | AB19: =IFERROR(VLOOKUP(A19,Sheet3!B:H,7,false),VLOOKUP(J19,Sheet2!A:C,3,false)) -> https://assets.roomstogo.com/product/tuft-needle-stitch-tn91-twin-xl-mattress_50009907_alt-image-1 | AC19: ="https://rtg-275.myshopify.com/products/"&K19 -> https://rtg-275.myshopify.com/products/TUFT-NEEDLE-STITCH-TN9-1 | AD19: =vlookup(L19,'Python sheet'!$E$2:$F$373,2,0) -> https://rtg-275.myshopify.com/products/TUFT-NEEDLE-STITCH-TN9-1?variant=47915106566282
A20: 50009933 | J20: TUFT & NEEDLE TN1 | K20: TUFT-NEEDLE-TN1 | L20: =K20&T20 -> TUFT-NEEDLE-TN1Twin XL | M20: TWX T&N TN1 | N20: 577 | O20: 699 | P20: TUFT & NEEDLE | Q20: P | R20: Reclaim your nights and wake refreshed for your days with the Tuft & Needle TN1 12 Firm mattress. Available in a standard flat-mattress construction, this mattress offers innovative cooling, responsive pressure relief, and the bounce back support of T&N Adaptive foam, so you can sink deeply into sleep-but never into your mattress. Unlike memory foam, Tuft & Needle's T&N Adaptive foam doesn't sink under your weight. Instead, it keeps you lifted while contouring to relieve pressure where you need it most. Rest easy as this ventilated foam helps channel airflow through the mattress and a breathable cover helps you sleep comfortably. Plus, feel cool as T&N AdaptiveCool gel foam technology, designed to help absorb heat, is ribboned across the center-third of the mattress to promote optimal cooling. With the addition of comfortable support foams, each Tuft & Needle TN1 12 Firm flat-mattress protects your rest so you can wake up refreshed and ready for the day. | S20: Adult | T20: Twin XL | U20: Foam | V20: 2-Good | W20: Stomach/Back | X20: 2-Good | Y20: 2-Good | Z20: Firm | AA20: =IFERROR(VLOOKUP(A20,Sheet3!B:H,6,false),VLOOKUP(J20,Sheet2!A:C,2,false)) -> https://assets.roomstogo.com/product/tuft-needle-tn1-twin-xl-mattress_50009933_image-item | AB20: =IFERROR(VLOOKUP(A20,Sheet3!B:H,7,false),VLOOKUP(J20,Sheet2!A:C,3,false)) -> https://assets.roomstogo.com/product/tuft-needle-tn1-twin-xl-mattress_50009933_alt-image-1 | AC20: ="https://rtg-275.myshopify.com/products/"&K20 -> https://rtg-275.myshopify.com/products/TUFT-NEEDLE-TN1 | AD20: =vlookup(L20,'Python sheet'!$E$2:$F$373,2,0) -> https://rtg-275.myshopify.com/products/TUFT-NEEDLE-TN1?variant=47915106828426
A21: 50010570 | J21: MOLECULE CORE | K21: MOLECULE-CORE | L21: =K21&T21 -> MOLECULE-CORETwin XL | M21: TWXL MOLECULE CORE | N21: 447 | O21: 949 | P21: MOLECULE | T21: Twin XL | U21: Foam | V21: 3-Superior | W21: Side/Back/Stomach | X21: 3-Superior | Y21: 3-Superior | Z21: Medium | AA21: =IFERROR(VLOOKUP(A21,Sheet3!B:H,6,false),VLOOKUP(J21,Sheet2!A:C,2,false)) -> https://assets.roomstogo.com/product/molecule-core-twin-xl-mattress_50010570_image-item | AB21: =IFERROR(VLOOKUP(A21,Sheet3!B:H,7,false),VLOOKUP(J21,Sheet2!A:C,3,false)) -> https://assets.roomstogo.com/product/molecule-core-twin-xl-mattress_50010570_alt-image-1 | AC21: ="https://rtg-275.myshopify.com/products/"&K21 -> https://rtg-275.myshopify.com/products/MOLECULE-CORE | AD21: =vlookup(L21,'Python sheet'!$E$2:$F$373,2,0) -> https://rtg-275.myshopify.com/products/MOLECULE-CORE?variant=47915107090570
A22: 50010671 | B22: 2 | C22: 3 | D22: Mattress Only~Broad Peak Medium Hybrid | E22: Mattress Only | F22: Broad Peak Medium Hybrid | G22: 192 | H22: 4.4 | I22: 190 | J22: BROAD PEAK MEDIUM HYBRID | K22: BROAD-PEAK-MEDIUM-HYBRID | L22: =K22&T22 -> BROAD-PEAK-MEDIUM-HYBRIDTwin XL | M22: TWXL BROAD PEAK | N22: 695 | O22: 849.99 | P22: BEAUTYREST SELECT | Q22: P | R22: Developed by the pioneer of the hybrid mattress, the new Beautyrest Select Hybrid line offers consistent that conforms to your body, allowing you to find your optimal sleep position. The superior stretch and recovery surface adapts with you throughout the night, enabling you to engage more closely with the pressure relieving memory foams for a deep, easy sleep. This unique construction enhances the benefits of both our Pocketed Coil Technology and gel memory foams to provide comfort and breathability. | S22: Adult | T22: Twin XL | U22: Hybrid | V22: 3-Superior | W22: Side/Back/Stomach | X22: 3-Superior | Y22: 3-Superior | Z22: Medium | AA22: =IFERROR(VLOOKUP(A22,Sheet3!B:H,6,false),VLOOKUP(J22,Sheet2!A:C,2,false)) -> https://assets.roomstogo.com/product/beautyrest-select-broad-peak-medium-hybrid-twin-xl-mattress_50010671_image-item | AB22: =IFERROR(VLOOKUP(A22,Sheet3!B:H,7,false),VLOOKUP(J22,Sheet2!A:C,3,false)) -> https://assets.roomstogo.com/product/beautyrest-select-broad-peak-medium-hybrid-twin-xl-mattress_50010671_alt-image-1 | AC22: ="https://rtg-275.myshopify.com/products/"&K22 -> https://rtg-275.myshopify.com/products/BROAD-PEAK-MEDIUM-HYBRID | AD22: =vlookup(L22,'Python sheet'!$E$2:$F$373,2,0) -> https://rtg-275.myshopify.com/products/BROAD-PEAK-MEDIUM-HYBRID?variant=47915107287178
A23: 50011053 | J23: BAY DREAMER | K23: BAY-DREAMER | L23: =K23&T23 -> BAY-DREAMERTwin XL | M23: TWX BAY DREAMER | N23: 445 | O23: 549.99 | P23: TOMMY BAHAMA | Q23: P | S23: Kid | T23: Twin XL | U23: Innerspring | V23: 2-Good | W23: Side/Back | X23: 4-Premier | Y23: 2-Good | Z23: Soft | AA23: =IFERROR(VLOOKUP(A23,Sheet3!B:H,6,false),VLOOKUP(J23,Sheet2!A:C,2,false)) -> https://assets.roomstogo.com/product/tommy-bahama-bay-dreamer-twin-mattress_50111055_image-item | AB23: =IFERROR(VLOOKUP(A23,Sheet3!B:H,7,false),VLOOKUP(J23,Sheet2!A:C,3,false)) -> https://assets.roomstogo.com/product/tommy-bahama-bay-dreamer-twin-mattress_50111055_alt-image-1 | AC23: ="https://rtg-275.myshopify.com/products/"&K23 -> https://rtg-275.myshopify.com/products/BAY-DREAMER | AD23: =vlookup(L23,'Python sheet'!$E$2:$F$373,2,0) -> https://rtg-275.myshopify.com/products/BAY-DREAMER?variant=47915107516554
A24: 50011065 | J24: MAKE WAVES | K24: MAKE-WAVES | L24: =K24&T24 -> MAKE-WAVESTwin XL | M24: TWX MAKE WAVES | N24: 495 | O24: 599.99 | P24: TOMMY BAHAMA | Q24: P | S24: Kid | T24: Twin XL | U24: Hybrid | V24: 2-Good | W24: Stomach/Back | X24: 4-Premier | Y24: 2-Good | Z24: Firm | AA24: =IFERROR(VLOOKUP(A24,Sheet3!B:H,6,false),VLOOKUP(J24,Sheet2!A:C,2,false)) -> https://assets.roomstogo.com/product/tommy-bahama-make-waves-twin-mattress_50111067_image-item | AB24: =IFERROR(VLOOKUP(A24,Sheet3!B:H,7,false),VLOOKUP(J24,Sheet2!A:C,3,false)) -> https://assets.roomstogo.com/product/tommy-bahama-make-waves-twin-mattress_50111067_alt-image-1 | AC24: ="https://rtg-275.myshopify.com/products/"&K24 -> https://rtg-275.myshopify.com/products/MAKE-WAVES | AD24: =vlookup(L24,'Python sheet'!$E$2:$F$373,2,0) -> https://rtg-275.myshopify.com/products/MAKE-WAVES?variant=47915107713162
A25: 50011077 | J25: SEASIDE SERENITY | K25: SEASIDE-SERENITY | L25: =K25&T25 -> SEASIDE-SERENITYTwin XL | M25: TWX SEASIDE SERENITY | N25: 595 | O25: 699.99 | P25: TOMMY BAHAMA | Q25: P | S25: Kid | T25: Twin XL | U25: Innerspring | V25: 2-Good | W25: Side/Back/Stomach | X25: 4-Premier | Y25: 2-Good | Z25: Medium | AA25: =IFERROR(VLOOKUP(A25,Sheet3!B:H,6,false),VLOOKUP(J25,Sheet2!A:C,2,false)) -> https://assets.roomstogo.com/product/tommy-bahama-seaside-serenity-twin-mattress_50111079_image-item | AB25: =IFERROR(VLOOKUP(A25,Sheet3!B:H,7,false),VLOOKUP(J25,Sheet2!A:C,3,false)) -> https://assets.roomstogo.com/product/tommy-bahama-seaside-serenity-twin-mattress_50111079_alt-image-1 | AC25: ="https://rtg-275.myshopify.com/products/"&K25 -> https://rtg-275.myshopify.com/products/SEASIDE-SERENITY | AD25: =vlookup(L25,'Python sheet'!$E$2:$F$373,2,0) -> https://rtg-275.myshopify.com/products/SEASIDE-SERENITY?variant=47915107877002
A26: 50011344 | B26: 1 | C26: 5 | D26: Mattress Only~Forester | E26: Mattress Only | F26: Forester | G26: 10 | H26: 4.2 | I26: 9 | J26: FORESTER | K26: FORESTER | L26: =K26&T26 -> FORESTERTwin XL | M26: TWX FORESTER | N26: 647 | O26: 849.99 | P26: THERAPEDIC | Q26: P | S26: Adult | T26: Twin XL | U26: Innerspring | V26: 2-Good | W26: Stomach/Back | X26: 3-Superior | Y26: 2-Good | Z26: Extra Firm | AA26: =IFERROR(VLOOKUP(A26,Sheet3!B:H,6,false),VLOOKUP(J26,Sheet2!A:C,2,false)) -> https://assets.roomstogo.com/product/therapedic-forester-twin-xl-mattress_50011344_image-item | AB26: =IFERROR(VLOOKUP(A26,Sheet3!B:H,7,false),VLOOKUP(J26,Sheet2!A:C,3,false)) -> https://assets.roomstogo.com/product/therapedic-forester-twin-xl-mattress_50011344_alt-image-1 | AC26: ="https://rtg-275.myshopify.com/products/"&K26 -> https://rtg-275.myshopify.com/products/FORESTER | AD26: =vlookup(L26,'Python sheet'!$E$2:$F$373,2,0) -> https://rtg-275.myshopify.com/products/FORESTER?variant=47915108073610
A27: 50011368 | J27: DARLINGTON | K27: DARLINGTON | L27: =K27&T27 -> DARLINGTONTwin XL | M27: TWX DARLINGTON | N27: 547 | O27: 649.99 | P27: THERAPEDIC | Q27: P | S27: Adult | T27: Twin XL | U27: Innerspring | V27: 2-Good | W27: Side/Back/Stomach | X27: 2-Good | Y27: 3-Superior | Z27: Medium | AA27: =IFERROR(VLOOKUP(A27,Sheet3!B:H,6,false),VLOOKUP(J27,Sheet2!A:C,2,false)) -> https://assets.roomstogo.com/product/therapedic-darlington-twin-xl-mattress_50011368_image-item | AB27: =IFERROR(VLOOKUP(A27,Sheet3!B:H,7,false),VLOOKUP(J27,Sheet2!A:C,3,false)) -> https://assets.roomstogo.com/product/therapedic-darlington-twin-xl-mattress_50011368_alt-image-1 | AC27: ="https://rtg-275.myshopify.com/products/"&K27 -> https://rtg-275.myshopify.com/products/DARLINGTON | AD27: =vlookup(L27,'Python sheet'!$E$2:$F$373,2,0) -> https://rtg-275.myshopify.com/products/DARLINGTON?variant=47915108302986
A28: 50011382 | J28: HASTINGS | K28: HASTINGS | L28: =K28&T28 -> HASTINGSTwin XL | M28: TWXL HASTINGS | N28: 627 | O28: 949.99 | P28: THERAPEDIC HYBRID | Q28: P | T28: Twin XL | U28: Hybrid | V28: 2-Good | W28: Side/Back | X28: 3-Superior | Y28: 3-Superior | Z28: Soft | AA28: =IFERROR(VLOOKUP(A28,Sheet3!B:H,6,false),VLOOKUP(J28,Sheet2!A:C,2,false)) -> https://assets.roomstogo.com/product/therapedic-hastings-twin-xl-mattress_50011382_image-item | AB28: =IFERROR(VLOOKUP(A28,Sheet3!B:H,7,false),VLOOKUP(J28,Sheet2!A:C,3,false)) -> https://assets.roomstogo.com/product/therapedic-hastings-twin-xl-mattress_50011382_alt-image-1 | AC28: ="https://rtg-275.myshopify.com/products/"&K28 -> https://rtg-275.myshopify.com/products/HASTINGS | AD28: =vlookup(L28,'Python sheet'!$E$2:$F$373,2,0) -> https://rtg-275.myshopify.com/products/HASTINGS?variant=47915108532362
A29: 50011457 | J29: KAANAPALI | K29: KAANAPALI | L29: =K29&T29 -> KAANAPALITwin XL | M29: TWXL KAANAPALI | N29: 1249.99 | O29: 1249.99 | P29: THERAPEDIC HYBRID | Q29: P | S29: Adult | T29: Twin XL | U29: Hybrid | V29: 3-Superior | W29: Stomach/Back | X29: 4-Premier | Y29: 3-Superior | Z29: Firm | AA29: =IFERROR(VLOOKUP(A29,Sheet3!B:H,6,false),VLOOKUP(J29,Sheet2!A:C,2,false)) -> https://assets.roomstogo.com/product/therapedic-kaanapali-twin-xl-mattress_50011457_image-item | AB29: =IFERROR(VLOOKUP(A29,Sheet3!B:H,7,false),VLOOKUP(J29,Sheet2!A:C,3,false)) -> https://assets.roomstogo.com/product/therapedic-kaanapali-twin-xl-mattress_50011457_alt-image-1 | AC29: ="https://rtg-275.myshopify.com/products/"&K29 -> https://rtg-275.myshopify.com/products/KAANAPALI | AD29: =vlookup(L29,'Python sheet'!$E$2:$F$373,2,0) -> https://rtg-275.myshopify.com/products/KAANAPALI?variant=47915108630666
A30: 50011495 | B30: 1 | C30: 5 | D30: Mattress Only~Ledo | E30: Mattress Only | F30: Ledo | G30: 13 | H30: 3.92 | I30: 12 | J30: LEDO | K30: LEDO | L30: =K30&T30 -> LEDOTwin XL | M30: TWXL LEDO | N30: 1449.99 | O30: 1449.99 | P30: THERAPEDIC HYBRID | Q30: P | S30: Adult | T30: Twin XL | U30: Hybrid | V30: 4-Premier | W30: Side/Back/Stomach | X30: 4-Premier | Y30: 3-Superior | Z30: Medium | AA30: =IFERROR(VLOOKUP(A30,Sheet3!B:H,6,false),VLOOKUP(J30,Sheet2!A:C,2,false)) -> https://assets.roomstogo.com/product/therapedic-ledo-twin-xl-mattress_50011495_image-item | AB30: =IFERROR(VLOOKUP(A30,Sheet3!B:H,7,false),VLOOKUP(J30,Sheet2!A:C,3,false)) -> https://assets.roomstogo.com/product/therapedic-ledo-twin-xl-mattress_50011495_alt-image-1 | AC30: ="https://rtg-275.myshopify.com/products/"&K30 -> https://rtg-275.myshopify.com/products/LEDO | AD30: =vlookup(L30,'Python sheet'!$E$2:$F$373,2,0) -> https://rtg-275.myshopify.com/products/LEDO?variant=47915108728970
A31: 50020862 | J31: CAPERTEE | K31: CAPERTEE | L31: =K31&T31 -> CAPERTEETwin XL | M31: TWXL CAPERTEE | N31: 797 | O31: 1099.99 | P31: DREW & JONATHAN | Q31: P | S31: Adult | T31: Twin XL | U31: Innerspring | V31: 3-Superior | W31: Side/Back/Stomach | X31: 3-Superior | Y31: 3-Superior | Z31: Medium | AA31: =IFERROR(VLOOKUP(A31,Sheet3!B:H,6,false),VLOOKUP(J31,Sheet2!A:C,2,false)) -> https://assets.roomstogo.com/product/drew-jonathan-capertee-twin-xl-mattress_50020862_image-item | AB31: =IFERROR(VLOOKUP(A31,Sheet3!B:H,7,false),VLOOKUP(J31,Sheet2!A:C,3,false)) -> https://assets.roomstogo.com/product/drew-jonathan-capertee-twin-xl-mattress_50020862_alt-image-1 | AC31: ="https://rtg-275.myshopify.com/products/"&K31 -> https://rtg-275.myshopify.com/products/CAPERTEE | AD31: =vlookup(L31,'Python sheet'!$E$2:$F$373,2,0) -> https://rtg-275.myshopify.com/products/CAPERTEE?variant=47915108827274
A32: 50020925 | J32: ARADA CANYON | K32: ARADA-CANYON | L32: =K32&T32 -> ARADA-CANYONTwin XL | M32: TWXL ARADA CANYON | N32: 1297 | O32: 1599.99 | P32: DREW & JONATHAN | Q32: P | S32: Adult | T32: Twin XL | U32: Innerspring | V32: 4-Premier | W32: Side/Back | X32: 3-Superior | Y32: 3-Superior | Z32: Soft | AA32: =IFERROR(VLOOKUP(A32,Sheet3!B:H,6,false),VLOOKUP(J32,Sheet2!A:C,2,false)) -> https://assets.roomstogo.com/product/drew-jonathan-arada-canyon-twin-xl-mattress_50020925_image-item | AB32: =IFERROR(VLOOKUP(A32,Sheet3!B:H,7,false),VLOOKUP(J32,Sheet2!A:C,3,false)) -> https://assets.roomstogo.com/product/drew-jonathan-arada-canyon-twin-xl-mattress_50020925_alt-image-1 | AC32: ="https://rtg-275.myshopify.com/products/"&K32 -> https://rtg-275.myshopify.com/products/ARADA-CANYON | AD32: =vlookup(L32,'Python sheet'!$E$2:$F$373,2,0) -> https://rtg-275.myshopify.com/products/ARADA-CANYON?variant=47915108925578
A33: 50022210 | B33: 2 | C33: 5 | D33: Mattress Only~Oceana Mist | E33: Mattress Only | F33: Oceana Mist | G33: 28 | H33: 4.71 | I33: 26 | J33: OCEANA MIST | K33: OCEANA-MIST | L33: =K33&T33 -> OCEANA-MISTTwin XL | M33: TWX OCEANA MIST | N33: 377 | O33: 679.99 | P33: BEAUTYSLEEP | Q33: P | R33: The Beauty Sleep Oceana Mist 11.5 Medium Hybrid mattress is designed for your lifestyle. With a smooth top panel, the Beauty Sleep Oceana Mist 11.5 Medium Hybrid mattress features AllCool Gel Foam and AllCool Gel Memory Foam that contours to your body for the ultimate pressure relief. Premium foams provide a responsive sleep surface for all-night comfort, support, airflow, and breathability. Plus, firm 815 Original Beauty Sleep Pocketed Coils provide consistent, supportive sleep at a value designed for your lifestyle. Medium Smooth Top Hybrid mattress. | S33: Adult | T33: Twin XL | U33: Hybrid | V33: 2-Good | W33: Side/Back/Stomach | X33: 3-Superior | Y33: 2-Good | Z33: Medium | AA33: =IFERROR(VLOOKUP(A33,Sheet3!B:H,6,false),VLOOKUP(J33,Sheet2!A:C,2,false)) -> https://assets.roomstogo.com/product/beauty-sleep-oceana-mist-medium-hybrid-twin-xl-mattress_50022210_image-item | AB33: =IFERROR(VLOOKUP(A33,Sheet3!B:H,7,false),VLOOKUP(J33,Sheet2!A:C,3,false)) -> https://assets.roomstogo.com/product/beauty-sleep-oceana-mist-medium-hybrid-twin-xl-mattress_50022210_alt-image-8 | AC33: ="https://rtg-275.myshopify.com/products/"&K33 -> https://rtg-275.myshopify.com/products/OCEANA-MIST | AD33: =vlookup(L33,'Python sheet'!$E$2:$F$373,2,0) -> https://rtg-275.myshopify.com/products/OCEANA-MIST?variant=47915109023882
A34: 50025747 | B34: 1 | C34: 1 | D34: Mattress Only~Level Three Plush | E34: Mattress Only | F34: Level Three Plush | G34: 13 | H34: 4.08 | I34: 12 | J34: LEVEL THREE PLUSH | K34: LEVEL-THREE-PLUSH | L34: =K34&T34 -> LEVEL-THREE-PLUSHTwin XL | M34: TWXL WORLD CLASS LEVEL THREE PLUSH | N34: 1329 | O34: 1329 | P34: BEAUTYREST WORLD CLASS | R34: Step up to a world class sleep experience with Beautyrest World Class. Provides cushy comfort that responds to movement with a soft-yet-supportive feel. InfiniCool MAX Technology adds advanced cooling with vertical cooling fibers. SurfaceTouch Gel Memory Foam is quilted into the sleep surface to unlock immediate, advanced comfort. World Class Relief HD Foam, featured in all level three Beautyrest mattresses, adapts to body temperature, providing responsive pressure relief. Beautyrest ActiveResponse MAX HD Memory Foam creates high-density contouring to help alleviate aches and pains. 1000-density Pocketed Coil Technology and higher density foams offer individualized support motion separation. | S34: Adult | T34: Twin XL | U34: Innerspring | V34: 4-Premier | W34: Side/Back | X34: 4-Premier | Y34: 4-Premier | Z34: Soft | AA34: =IFERROR(VLOOKUP(A34,Sheet3!B:H,6,false),VLOOKUP(J34,Sheet2!A:C,2,false)) -> https://assets.roomstogo.com/product/beautyrest-world-class-level-three-plush-twin-xl-mattress_50025747_image-item | AB34: =IFERROR(VLOOKUP(A34,Sheet3!B:H,7,false),VLOOKUP(J34,Sheet2!A:C,3,false)) -> https://assets.roomstogo.com/product/beautyrest-world-class-level-three-plush-twin-xl-mattress_50025747_alt-image-13 | AC34: ="https://rtg-275.myshopify.com/products/"&K34 -> https://rtg-275.myshopify.com/products/LEVEL-THREE-PLUSH | AD34: =vlookup(L34,'Python sheet'!$E$2:$F$373,2,0) -> https://rtg-275.myshopify.com/products/LEVEL-THREE-PLUSH?variant=47915109220490
A35: 50025759 | J35: LEVEL THREE MEDIUM PILLOWTOP | K35: LEVEL-THREE-MEDIUM-PILLOWTOP | L35: =K35&T35 -> LEVEL-THREE-MEDIUM-PILLOWTOPTwin XL | M35: TWXL WORLD CLASS LEVEL THREE MED PT | N35: 1529 | O35: 1529 | P35: BEAUTYREST WORLD CLASS | R35: Step up to a world class sleep experience with Beautyrest World Class. Provides medium support with just the right amount of pressure relief and cloud-like top layer. InfiniCool MAX Technology adds advanced cooling combined with natural lux fibers for added surface breathability. SurfaceTouch Gel Memory Foam is quilted into the sleep surface to unlock immediate, advanced comfort. GelTouch Foam helps provide comfort, support, airflow and breathability. World Class Relief HD Foam, featured in all level three Beautyrest mattresses, adapts to body temperature, providing responsive pressure relief. Beautyrest ActiveResponse MAX HD Memory Foam creates high-density contouring to help alleviate aches and pains. 1000-density Pocketed Coil Technology and higher density foams offer individualized support motion separation. | S35: Adult | T35: Twin XL | U35: Innerspring | V35: 4-Premier | W35: Side/Back/Stomach | X35: 4-Premier | Y35: 4-Premier | Z35: Medium | AA35: =IFERROR(VLOOKUP(A35,Sheet3!B:H,6,false),VLOOKUP(J35,Sheet2!A:C,2,false)) -> https://assets.roomstogo.com/product/beautyrest-world-class-level-three-medium-pillow-top-twin-xl-mattress_50025759_image-item | AB35: =IFERROR(VLOOKUP(A35,Sheet3!B:H,7,false),VLOOKUP(J35,Sheet2!A:C,3,false)) -> https://assets.roomstogo.com/product/beautyrest-world-class-level-three-medium-pillow-top-twin-xl-mattress_50025759_alt-image-13 | AC35: ="https://rtg-275.myshopify.com/products/"&K35 -> https://rtg-275.myshopify.com/products/LEVEL-THREE-MEDIUM-PILLOWTOP | AD35: =vlookup(L35,'Python sheet'!$E$2:$F$373,2,0) -> https://rtg-275.myshopify.com/products/LEVEL-THREE-MEDIUM-PILLOWTOP?variant=47915109417098
A36: 50025800 | J36: LEVEL FOUR PLUSH PILLOWTOP | K36: LEVEL-FOUR-PLUSH-PILLOWTOP | L36: =K36&T36 -> LEVEL-FOUR-PLUSH-PILLOWTOPTwin XL | M36: TWXL WORLD CLASS LEVEL FOUR PLUSH PT | N36: 1829 | O36: 1829 | P36: BEAUTYREST WORLD CLASS | R36: Step up to a world class sleep experience with Beautyrest World Class. Provides cushy comfort that responds to movement with a soft-yet-supportive feel and a cloud-like top layer. InfiniCool MAX Technology adds advanced cooling with vertical cooling fibers. Level Four mattresses feature twice the SurfaceTouch Gel Memory Foam, unlocking even more pressure relief right at the surface. World Class Relief HD Foam, featured in all level four Beautyrest mattresses, offers remarkable pressure relief that responds to your body. Beautyrest ActiveResponse MAX HD Memory Foam helps alleviate aches and pains withhigh-density contouring. 1000-density Pocketed Coil Technology and higher density foams offer individualized support motion separation. | S36: Adult | T36: Twin XL | U36: Innerspring | V36: 5-Ultimate | W36: Side/Back | X36: 4-Premier | Y36: 4-Premier | Z36: Soft | AA36: =IFERROR(VLOOKUP(A36,Sheet3!B:H,6,false),VLOOKUP(J36,Sheet2!A:C,2,false)) -> https://assets.roomstogo.com/product/beautyrest-world-class-level-four-plush-pillow-top-twin-xl-mattress_50025800_image-item | AB36: =IFERROR(VLOOKUP(A36,Sheet3!B:H,7,false),VLOOKUP(J36,Sheet2!A:C,3,false)) -> https://assets.roomstogo.com/product/beautyrest-world-class-level-four-plush-pillow-top-twin-xl-mattress_50025800_alt-image-13 | AC36: ="https://rtg-275.myshopify.com/products/"&K36 -> https://rtg-275.myshopify.com/products/LEVEL-FOUR-PLUSH-PILLOWTOP | AD36: =vlookup(L36,'Python sheet'!$E$2:$F$373,2,0) -> https://rtg-275.myshopify.com/products/LEVEL-FOUR-PLUSH-PILLOWTOP?variant=47915109613706
A37: 50028957 | J37: KERRY PARK | K37: KERRY-PARK | L37: =K37&T37 -> KERRY-PARKTwin XL | M37: TWX KERRY PARK | N37: 877 | O37: 1479 | P37: CORRECT COMFORT | Q37: P | S37: Adult | T37: Twin XL | U37: Innerspring | V37: 4-Premier | W37: Side/Back | X37: 3-Superior | Y37: 3-Superior | Z37: Extra Soft | AA37: =IFERROR(VLOOKUP(A37,Sheet3!B:H,6,false),VLOOKUP(J37,Sheet2!A:C,2,false)) -> https://assets.roomstogo.com/product/sealy-correct-comfort-kerry-park-twin-xl-mattress_50028957_image-item | AB37: =IFERROR(VLOOKUP(A37,Sheet3!B:H,7,false),VLOOKUP(J37,Sheet2!A:C,3,false)) -> https://assets.roomstogo.com/product/sealy-correct-comfort-kerry-park-twin-xl-mattress_50028957_alt-image-1 | AC37: ="https://rtg-275.myshopify.com/products/"&K37 -> https://rtg-275.myshopify.com/products/KERRY-PARK | AD37: =vlookup(L37,'Python sheet'!$E$2:$F$373,2,0) -> https://rtg-275.myshopify.com/products/KERRY-PARK?variant=47915109843082
A38: 50028969 | B38: 1 | C38: 5 | D38: Mattress Only~Bradford Hill | E38: Mattress Only | F38: Bradford Hill | G38: 12 | H38: 4.83 | I38: 11 | J38: BRADFORD HILL | K38: BRADFORD-HILL | L38: =K38&T38 -> BRADFORD-HILLTwin XL | M38: TWX BRADFORD HILL | N38: 645 | O38: 749 | P38: CORRECT COMFORT | Q38: P | S38: Adult | T38: Twin XL | U38: Foam | V38: 3-Superior | W38: Side/Back/Stomach | X38: 3-Superior | Y38: 2-Good | Z38: Medium | AA38: =IFERROR(VLOOKUP(A38,Sheet3!B:H,6,false),VLOOKUP(J38,Sheet2!A:C,2,false)) -> https://assets.roomstogo.com/product/sealy-correct-comfort-bradford-hill-twin-xl-mattress_50028969_image-item | AB38: =IFERROR(VLOOKUP(A38,Sheet3!B:H,7,false),VLOOKUP(J38,Sheet2!A:C,3,false)) -> https://assets.roomstogo.com/product/sealy-correct-comfort-bradford-hill-twin-xl-mattress_50028969_alt-image-1 | AC38: ="https://rtg-275.myshopify.com/products/"&K38 -> https://rtg-275.myshopify.com/products/BRADFORD-HILL | AD38: =vlookup(L38,'Python sheet'!$E$2:$F$373,2,0) -> https://rtg-275.myshopify.com/products/BRADFORD-HILL?variant=47915110039690
A39: 50028971 | J39: NORTHGATE | K39: NORTHGATE | L39: =K39&T39 -> NORTHGATETwin XL | M39: TWX NORTHGATE | N39: 977 | O39: 1779 | P39: CORRECT COMFORT | Q39: P | T39: Twin XL | U39: Foam | V39: 4-Premier | W39: Side/Back/Stomach | X39: 3-Superior | Y39: 3-Superior | Z39: Medium | AA39: =IFERROR(VLOOKUP(A39,Sheet3!B:H,6,false),VLOOKUP(J39,Sheet2!A:C,2,false)) -> https://assets.roomstogo.com/product/posturepedic-northgate-twin-xl-mattress_50028971_image-item | AB39: =IFERROR(VLOOKUP(A39,Sheet3!B:H,7,false),VLOOKUP(J39,Sheet2!A:C,3,false)) -> https://assets.roomstogo.com/product/posturepedic-northgate-twin-xl-mattress_50028971_alt-image-1 | AC39: ="https://rtg-275.myshopify.com/products/"&K39 -> https://rtg-275.myshopify.com/products/NORTHGATE | AD39: =vlookup(L39,'Python sheet'!$E$2:$F$373,2,0) -> https://rtg-275.myshopify.com/products/NORTHGATE?variant=47915110203530
A40: 50029175 | J40: BRIERWOOD | K40: BRIERWOOD | L40: =K40&T40 -> BRIERWOODTwin XL | M40: TWXL BRIERWOOD | N40: 597 | O40: 719 | P40: POSTUREPEDIC | Q40: P | R40: The Sealy Posturepedic Briarwood Medium mattress offers lasting comfort and superior support to help maintain natural body alignment and reduce nagging Bed Aches. The orthopedic-inspired Posturepedic Support System features exclusive PrecisionFit Coils, arranged right where you need them. Plus the Coil Edge provides a solid surface that's built to last. | S40: Adult | T40: Twin XL | U40: Innerspring | V40: 2-Good | W40: Side/Back/Stomach | X40: 2-Good | Y40: 2-Good | Z40: Medium | AA40: =IFERROR(VLOOKUP(A40,Sheet3!B:H,6,false),VLOOKUP(J40,Sheet2!A:C,2,false)) -> https://assets.roomstogo.com/product/sealy-posturepedic-brierwood-twin-xl-mattress_50029175_image-item | AB40: =IFERROR(VLOOKUP(A40,Sheet3!B:H,7,false),VLOOKUP(J40,Sheet2!A:C,3,false)) -> https://assets.roomstogo.com/product/sealy-posturepedic-brierwood-twin-xl-mattress_50029175_alt-image-1 | AC40: ="https://rtg-275.myshopify.com/products/"&K40 -> https://rtg-275.myshopify.com/products/BRIERWOOD | AD40: =vlookup(L40,'Python sheet'!$E$2:$F$373,2,0) -> https://rtg-275.myshopify.com/products/BRIERWOOD?variant=47915110334602
A41: 50029202 | J41: CASTLE ROCK | K41: CASTLE-ROCK | L41: =K41&T41 -> CASTLE-ROCKTwin XL | M41: TWXL CASTLE ROCK | N41: 917 | O41: 1119 | P41: POSTUREPEDIC PLUS | Q41: P | R41: The Sealy Posturepedic Castle Rock Medium EPT mattress delivers pressure-relieving comfort to help maintain natural body alignment and reduce nagging Bed Aches night after night. The orthopedic-inspired Posturepedic Plus Support System features exclusive PrecisionFit Coils, arranged right where you need them. Plus, the DuraFlex Coil Edge provides a reinforced solid surface that's built to last. | S41: Adult | T41: Twin XL | U41: Innerspring | V41: 3-Superior | W41: Side/Back/Stomach | X41: 3-Superior | Y41: 2-Good | Z41: Medium | AA41: =IFERROR(VLOOKUP(A41,Sheet3!B:H,6,false),VLOOKUP(J41,Sheet2!A:C,2,false)) -> https://assets.roomstogo.com/product/sealy-posturepedic-castle-rock-twin-xl-mattress_50029202_image-item | AB41: =IFERROR(VLOOKUP(A41,Sheet3!B:H,7,false),VLOOKUP(J41,Sheet2!A:C,3,false)) -> https://assets.roomstogo.com/product/sealy-posturepedic-castle-rock-twin-xl-mattress_50029202_alt-image-1 | AC41: ="https://rtg-275.myshopify.com/products/"&K41 -> https://rtg-275.myshopify.com/products/CASTLE-ROCK | AD41: =vlookup(L41,'Python sheet'!$E$2:$F$373,2,0) -> https://rtg-275.myshopify.com/products/CASTLE-ROCK?variant=47915110629514
A42: 50029214 | J42: PEBBLEBROOK | K42: PEBBLEBROOK | L42: =K42&T42 -> PEBBLEBROOKTwin XL | M42: TWXL PEBBLEBROOK | N42: 997 | O42: 1219 | P42: POSTUREPEDIC PRO | R42: The Sealy Posturepedic Pebblebrook Medium mattress offers pressure-relieving comfort and targeted support to help maintain natural body alignment and reduce nagging Bed Aches night after night. The orthopedic-inspired Posturepedic Pro Support System features exclusive PrecisionFit Coils enhanced by MaxSupport Technology for all-over support. And the DuraFlex Coil Edge provides a reinforced solid surface that's built to last. | S42: Adult | T42: Twin XL | U42: Innerspring | V42: 3-Superior | W42: Side/Back/Stomach | X42: 4-Premier | Y42: 3-Superior | Z42: Medium | AA42: =IFERROR(VLOOKUP(A42,Sheet3!B:H,6,false),VLOOKUP(J42,Sheet2!A:C,2,false)) -> https://assets.roomstogo.com/product/sealy-posturepedic-pebblebrook-twin-xl-mattress_50029214_image-item | AB42: =IFERROR(VLOOKUP(A42,Sheet3!B:H,7,false),VLOOKUP(J42,Sheet2!A:C,3,false)) -> https://assets.roomstogo.com/product/sealy-posturepedic-pebblebrook-twin-xl-mattress_50029214_alt-image-1 | AC42: ="https://rtg-275.myshopify.com/products/"&K42 -> https://rtg-275.myshopify.com/products/PEBBLEBROOK | AD42: =vlookup(L42,'Python sheet'!$E$2:$F$373,2,0) -> https://rtg-275.myshopify.com/products/PEBBLEBROOK?variant=47915110858890
A43: 50037057 | B43: 330 | C43: 4.55 | D43: Mattress Only~Series One Extra Firm | E43: Mattress Only | F43: Series One Extra Firm | G43: 347 | H43: 4.52 | I43: 17 | J43: SERIES ONE EXTRA FIRM | K43: SERIES-ONE-EXTRA-FIRM | L43: =K43&T43 -> SERIES-ONE-EXTRA-FIRMTwin XL | M43: TWX SERIES ONE EXTRA FIRM | N43: 1549 | O43: 1549 | P43: BEAUTYREST BLACK | R43: Experience extraordinary sleep at the intersection of luxury and innovation with the Beautyrest Black Collection's premier materials and advanced sleep technology. Triple-Stranded Pocketed Coil Technology offers our highest level of individualized support and motion separation, so you can rest undisturbed. Specialized vertical fibers combine with an applied surface-cooling technology to help transfer heat away from the body all night. Contouring foam adheres to the shape of your body for exceptional pressure relief. High-density, firm-feel comfort foam provides a unique combination of comfort and support night after night. A unique, channeled design promotes airflow for cool, enhanced pressure relief. All foams are CertiPUR-US certified. Our mattresses are proudly assembled in the USA. Adjustable base compatible. | S43: Adult | T43: Twin XL | U43: Innerspring | V43: 3-Superior | W43: Stomach/Back | X43: 5-Ultimate | Y43: 4-Premier | Z43: Extra Firm | AA43: =IFERROR(VLOOKUP(A43,Sheet3!B:H,6,false),VLOOKUP(J43,Sheet2!A:C,2,false)) -> https://assets.roomstogo.com/product/beautyrest-black-series-one-extra-firm-twin-xl-mattress_50037057_image-item | AB43: =IFERROR(VLOOKUP(A43,Sheet3!B:H,7,false),VLOOKUP(J43,Sheet2!A:C,3,false)) -> https://assets.roomstogo.com/product/beautyrest-black-series-one-extra-firm-twin-xl-mattress_50037057_alt-image-1 | AC43: ="https://rtg-275.myshopify.com/products/"&K43 -> https://rtg-275.myshopify.com/products/SERIES-ONE-EXTRA-FIRM | AD43: =vlookup(L43,'Python sheet'!$E$2:$F$373,2,0) -> https://rtg-275.myshopify.com/products/SERIES-ONE-EXTRA-FIRM?variant=47915111088266
A44: 50037134 | B44: 130 | C44: 4.62 | D44: Mattress Only~Series Two Medium | E44: Mattress Only | F44: Series Two Medium | G44: 137 | H44: 4.58 | I44: 7 | J44: SERIES TWO MEDIUM | K44: SERIES-TWO-MEDIUM | L44: =K44&T44 -> SERIES-TWO-MEDIUMTwin XL | M44: TWX SERIES TWO MEDIUM TT | N44: 2549 | O44: 2549 | P44: BEAUTYREST BLACK | R44: Experience extraordinary sleep at the intersection of luxury and innovation with the Beautyrest Black Collection's premier materials and advanced sleep features. Triple-Stranded Pocketed Coil Technology offers our highest level of individualized support and motion separation, so you can rest undisturbed. Specialized vertical fibers combine with an applied surface-cooling technology to help transfer heat away from the body all night. A supportive foam layer quilted into the sleep surface unlocks advanced pressure relief. Micro Diamond Memory Foam, infused with diamond particles, helps move heat away from the body for a cool sleep. A unique, channeled design promotes airflow for cool, enhanced pressure relief. All foams are CertiPUR-US certified. Our mattresses are proudly assembled in the USA. Adjustable base friendly - helps reduce snoring and enhance comfort. | S44: Adult | T44: Twin XL | U44: Innerspring | V44: 4-Premier | W44: Side/Back/Stomach | X44: 5-Ultimate | Y44: 4-Premier | Z44: Medium | AA44: =IFERROR(VLOOKUP(A44,Sheet3!B:H,6,false),VLOOKUP(J44,Sheet2!A:C,2,false)) -> https://assets.roomstogo.com/product/beautyrest-black-series-two-medium-twin-xl-mattress_50037134_image-item | AB44: =IFERROR(VLOOKUP(A44,Sheet3!B:H,7,false),VLOOKUP(J44,Sheet2!A:C,3,false)) -> https://assets.roomstogo.com/product/beautyrest-black-series-two-medium-twin-xl-mattress_50037134_alt-image-1 | AC44: ="https://rtg-275.myshopify.com/products/"&K44 -> https://rtg-275.myshopify.com/products/SERIES-TWO-MEDIUM | AD44: =vlookup(L44,'Python sheet'!$E$2:$F$373,2,0) -> https://rtg-275.myshopify.com/products/SERIES-TWO-MEDIUM?variant=47915111284874
A45: 50037223 | B45: 285 | C45: 4.72 | D45: Mattress Only~Series Three Plush Pillow Top | E45: Mattress Only | F45: Series Three Plush Pillow Top | G45: 290 | H45: 4.72 | I45: 5 | J45: SERIES THREE PLUSH PILLOW TOP | K45: SERIES-THREE-PLUSH-PILLOW-TOP | L45: =K45&T45 -> SERIES-THREE-PLUSH-PILLOW-TOPTwin XL | M45: TWXL SERIES THREE PLUSH PT | N45: 3649 | O45: 3649 | P45: BEAUTYREST BLACK | R45: Experience extraordinary sleep at the intersection of luxury and innovation with the Beautyrest Black Collection's premier materials and advanced sleep technology. Plus, for an even more luxurious upgrade, Series Three Pillow Top models feature exclusive 2K Nano Coils for enhanced, individualized support throughout the night.Triple-Stranded Pocketed Coil Technology offers our highest level of individualized support and motion separation, so you can rest undisturbed.A layer of specialized foam is quilted into the sleep surface for exceptional pressure relief.A premium memory foam layer, infused with diamond particles, is designed to help move heat away from the body for a cool sleep.Ventilated latex layer maximizes airflow and provides advanced pressure relief.A layer of 2K Nano Coils enhances conformability for increased, individualized support All foams are CertiPUR-US certified.Our mattresses are proudly assembled in the USA.Adjustable base compatible. | S45: Adult | T45: Twin XL | U45: Innerspring | V45: 5-Ultimate | W45: Side/Back | X45: 5-Ultimate | Y45: 4-Premier | Z45: Soft | AA45: =IFERROR(VLOOKUP(A45,Sheet3!B:H,6,false),VLOOKUP(J45,Sheet2!A:C,2,false)) -> https://assets.roomstogo.com/product/beautyrest-black-series-three-plush-pillow-top-twin-xl-mattress_50037223_image-item | AB45: =IFERROR(VLOOKUP(A45,Sheet3!B:H,7,false),VLOOKUP(J45,Sheet2!A:C,3,false)) -> https://assets.roomstogo.com/product/beautyrest-black-series-three-plush-pillow-top-twin-xl-mattress_50037223_alt-image-1 | AC45: ="https://rtg-275.myshopify.com/products/"&K45 -> https://rtg-275.myshopify.com/products/SERIES-THREE-PLUSH-PILLOW-TOP | AD45: =vlookup(L45,'Python sheet'!$E$2:$F$373,2,0) -> https://rtg-275.myshopify.com/products/SERIES-THREE-PLUSH-PILLOW-TOP?variant=47915111514250
A46: 50048036 | B46: 424 | C46: 4.53 | D46: Mattress Only~Estate Firm Tt | E46: Mattress Only | F46: Estate Firm Tt | G46: 438 | H46: 4.52 | I46: 14 | J46: ESTATE FIRM TT | K46: ESTATE-FIRM-TT | L46: =K46&T46 -> ESTATE-FIRM-TTTwin XL | M46: TWXL ESTATE FIRM TT | N46: 2299 | O46: 2299 | P46: STEARNS & FOSTER | R46: Engineered with the best night's sleep in mind, Stearns & Foster Estate Collection takes comfort to the next level. Featuring our TEMPUR-Indulge Memory Foam for enhanced pressure relief. Exclusive IntelliCoil innersprings add night-long support. | S46: Adult | T46: Twin XL | U46: Innerspring | V46: 3-Superior | W46: Stomach/Back | X46: 4-Premier | Y46: 3-Superior | Z46: Firm | AA46: =IFERROR(VLOOKUP(A46,Sheet3!B:H,6,false),VLOOKUP(J46,Sheet2!A:C,2,false)) -> https://assets.roomstogo.com/product/stearns-and-foster-estate-firm-tight-top-twin-xl-mattress_50048036_image-item | AB46: =IFERROR(VLOOKUP(A46,Sheet3!B:H,7,false),VLOOKUP(J46,Sheet2!A:C,3,false)) -> https://assets.roomstogo.com/product/stearns-and-foster-estate-firm-tight-top-twin-xl-mattress_50048036_alt-image-1 | AC46: ="https://rtg-275.myshopify.com/products/"&K46 -> https://rtg-275.myshopify.com/products/ESTATE-FIRM-TT | AD46: =vlookup(L46,'Python sheet'!$E$2:$F$373,2,0) -> https://rtg-275.myshopify.com/products/ESTATE-FIRM-TT?variant=47915111710858
A47: 50048050 | J47: ESTATE FIRM PT | K47: ESTATE-FIRM-PT | L47: =K47&T47 -> ESTATE-FIRM-PTTwin XL | M47: TWXL ESTATE FIRM PT | N47: 2499 | O47: 2499 | P47: STEARNS & FOSTER | R47: Engineered with the best night's sleep in mind, Stearns & Foster Estate Collection takes comfort to the next level. Featuring our TEMPUR-Indulge Memory Foam for enhanced pressure relief. Exclusive IntelliCoil innersprings add night-long support. | S47: Adult | T47: Twin XL | U47: Innerspring | V47: 3-Superior | W47: Stomach/Back | X47: 4-Premier | Y47: 3-Superior | Z47: Firm | AA47: =IFERROR(VLOOKUP(A47,Sheet3!B:H,6,false),VLOOKUP(J47,Sheet2!A:C,2,false)) -> https://assets.roomstogo.com/product/stearns-and-foster-estate-firm-pillow-top-twin-xl-mattress_50048050_image-item | AB47: =IFERROR(VLOOKUP(A47,Sheet3!B:H,7,false),VLOOKUP(J47,Sheet2!A:C,3,false)) -> https://assets.roomstogo.com/product/stearns-and-foster-estate-firm-pillow-top-twin-xl-mattress_50048050_alt-image-1 | AC47: ="https://rtg-275.myshopify.com/products/"&K47 -> https://rtg-275.myshopify.com/products/ESTATE-FIRM-PT | AD47: =vlookup(L47,'Python sheet'!$E$2:$F$373,2,0) -> https://rtg-275.myshopify.com/products/ESTATE-FIRM-PT?variant=47915111907466
A48: 50048276 | B48: 1 | C48: 5 | D48: Mattress Only~Lux Estate Elite | E48: Mattress Only | F48: Lux Estate Elite | G48: 1 | H48: 5 | I48: 0 | J48: LUX ESTATE ELITE | K48: LUX-ESTATE-ELITE | L48: =K48&T48 -> LUX-ESTATE-ELITETwin XL | M48: TWXL LUX ESTATE ELITE MEDIUM PT | N48: 4099 | O48: 4099 | P48: STEARNS & FOSTER | R48: The soft, sustainably sourced TENCEL cover creates a cool and comfortable sleep surface with enhanced cooling fibers. TEMPUR-Indulge Memory Foam comfort layers, developed by the sleep experts at Tempur-Pedic, conform to the body to deliver all-night comfort and pressure relief. The Pillowtop Support Layer features microcoils just below the pillowtop to provide added durability for maintaining overall comfort. Supportive latex comfort layers provide a perfect combination of pressure relief, durability, and a uniquely weightless, yet supported feel. IntelliCoil innersprings are uniquely designed to respond to varying types of pressure, providing the perfect balance of pressure relief and support. | S48: Adult | T48: Twin XL | U48: Innerspring | V48: 4-Premier | W48: Side/Back/Stomach | X48: 5-Ultimate | Y48: 4-Premier | Z48: Medium | AA48: =IFERROR(VLOOKUP(A48,Sheet3!B:H,6,false),VLOOKUP(J48,Sheet2!A:C,2,false)) -> https://assets.roomstogo.com/product/stearns-and-foster-lux-estate-elite-medium-pillow-top-twin-xl-mattress_50048276_image-item | AB48: =IFERROR(VLOOKUP(A48,Sheet3!B:H,7,false),VLOOKUP(J48,Sheet2!A:C,3,false)) -> https://assets.roomstogo.com/product/stearns-and-foster-lux-estate-elite-medium-pillow-top-twin-xl-mattress_50048276_alt-image-1 | AC48: ="https://rtg-275.myshopify.com/products/"&K48 -> https://rtg-275.myshopify.com/products/LUX-ESTATE-ELITE | AD48: =vlookup(L48,'Python sheet'!$E$2:$F$373,2,0) -> https://rtg-275.myshopify.com/products/LUX-ESTATE-ELITE?variant=47915112038538
A49: 50070110 | B49: 1 | C49: 5 | D49: Mattress Only~Helix Midnight Luxe | E49: Mattress Only | F49: Helix Midnight Luxe | G49: 9006 | H49: 4.32 | I49: 9005 | J49: HELIX MIDNIGHT LUXE | K49: HELIX-MIDNIGHT-LUXE | L49: =K49&T49 -> HELIX-MIDNIGHT-LUXETwin XL | M49: TWXL HELIX MIDNIGHT LUXE | N49: 1548 | O49: 1935 | P49: HELIX | S49: Adult | T49: Twin XL | U49: Innerspring | V49: 4-Premier | W49: Side/Back/Stomach | X49: 4-Premier | Y49: 3-Superior | Z49: Medium | AA49: =IFERROR(VLOOKUP(A49,Sheet3!B:H,6,false),VLOOKUP(J49,Sheet2!A:C,2,false)) -> https://assets.roomstogo.com/product/helix-midnight-luxe-twin-xl-mattress_50070110_image-item | AB49: =IFERROR(VLOOKUP(A49,Sheet3!B:H,7,false),VLOOKUP(J49,Sheet2!A:C,3,false)) -> https://assets.roomstogo.com/product/helix-midnight-luxe-twin-xl-mattress_50070110_alt-image-1 | AC49: ="https://rtg-275.myshopify.com/products/"&K49 -> https://rtg-275.myshopify.com/products/HELIX-MIDNIGHT-LUXE | AD49: =vlookup(L49,'Python sheet'!$E$2:$F$373,2,0) -> https://rtg-275.myshopify.com/products/HELIX-MIDNIGHT-LUXE?variant=47915112169610
A50: 50070122 | B50: 2 | C50: 2.5 | D50: Mattress Only~Helix Midnight Elite | E50: Mattress Only | F50: Helix Midnight Elite | G50: 501 | H50: 4.22 | I50: 499 | J50: HELIX MIDNIGHT ELITE | K50: HELIX-MIDNIGHT-ELITE | L50: =K50&T50 -> HELIX-MIDNIGHT-ELITETwin XL | M50: TWXL HELIX MIDNIGHT ELITE | N50: 2199 | O50: 2748.75 | P50: HELIX | S50: Adult | T50: Twin XL | U50: Innerspring | V50: 5-Ultimate | W50: Side/Back/Stomach | X50: 4-Premier | Y50: 4-Premier | Z50: Medium | AA50: =IFERROR(VLOOKUP(A50,Sheet3!B:H,6,false),VLOOKUP(J50,Sheet2!A:C,2,false)) -> https://assets.roomstogo.com/product/helix-midnight-elite-twin-xl-mattress_50070122_image-item | AB50: =IFERROR(VLOOKUP(A50,Sheet3!B:H,7,false),VLOOKUP(J50,Sheet2!A:C,3,false)) -> https://assets.roomstogo.com/product/helix-midnight-elite-twin-xl-mattress_50070122_alt-image-1 | AC50: ="https://rtg-275.myshopify.com/products/"&K50 -> https://rtg-275.myshopify.com/products/HELIX-MIDNIGHT-ELITE | AD50: =vlookup(L50,'Python sheet'!$E$2:$F$373,2,0) -> https://rtg-275.myshopify.com/products/HELIX-MIDNIGHT-ELITE?variant=47915112398986
A51: 50100545 | B51: 1 | C51: 5 | D51: Mattress Only~Casper Cloud One | E51: Mattress Only | F51: Casper Cloud One | G51: 81 | H51: 4.23 | I51: 80 | J51: CASPER CLOUD ONE | K51: CASPER-CLOUD-ONE | L51: =K51&T51 -> CASPER-CLOUD-ONETwin | M51: TW CASPER CLOUD ONE | N51: 799 | O51: 999 | P51: CASPER | S51: Adult | T51: Twin | U51: Foam | V51: 3-Superior | W51: Side/Back/Stomach | X51: 3-Superior | Y51: 2-Good | Z51: Medium | AA51: =IFERROR(VLOOKUP(A51,Sheet3!B:H,6,false),VLOOKUP(J51,Sheet2!A:C,2,false)) -> https://assets.roomstogo.com/product/casper-cloud-one-twin-xl-mattress_50000543_image-item | AB51: =IFERROR(VLOOKUP(A51,Sheet3!B:H,7,false),VLOOKUP(J51,Sheet2!A:C,3,false)) -> https://assets.roomstogo.com/product/casper-cloud-one-twin-xl-mattress_50000543_alt-image-1 | AC51: ="https://rtg-275.myshopify.com/products/"&K51 -> https://rtg-275.myshopify.com/products/CASPER-CLOUD-ONE | AD51: =vlookup(L51,'Python sheet'!$E$2:$F$373,2,0) -> https://rtg-275.myshopify.com/products/CASPER-CLOUD-ONE?variant=47915101552778
A52: 50100684 | J52: CASPER ONYX 2.0 | K52: CASPER-ONYX-2-0 | L52: =K52&T52 -> CASPER-ONYX-2-0Twin | M52: TW CASPER ONYX 2.0 | N52: 649 | O52: 749 | P52: CASPER | Q52: P | R52: The Casper Onyx mattress is designed with 3 layers of foam for comfort, breathability and support. Obsessively engineered by Casper's award-winning research and development team, this mattress contains Breathe Flex Foam for support and pressure relief & Breathe Foam for air flow that pairs breathability with softness for all-night comfort. Key Features A cozy knit cover designed with added stretch so you can experience all the comfort your mattress has to offer. Features a top layer of Breathe Flex Foam that's both responsive and breathable to soothe you to sleep with the perfect bit of bounce.A firm Casper Core base provides long-lasting support while preventing sinking and sagging. Foams are certified by the CertiPUR-US program, meaning they are made without ozone depleting chemicals and regulated by the Consumer Product Safety Commission Low VOC Volatile Organic Compound emissions for indoor air quality less than 0.5 parts per million. | S52: Adult | T52: Twin | U52: Foam | V52: 2-Good | W52: Side/Back/Stomach | X52: 2-Good | Y52: 2-Good | Z52: Medium | AA52: =IFERROR(VLOOKUP(A52,Sheet3!B:H,6,false),VLOOKUP(J52,Sheet2!A:C,2,false)) -> https://assets.roomstogo.com/product/casper-onyx-20-twin-xl-mattress_50000682_image-item | AB52: =IFERROR(VLOOKUP(A52,Sheet3!B:H,7,false),VLOOKUP(J52,Sheet2!A:C,3,false)) -> https://assets.roomstogo.com/product/casper-onyx-20-twin-xl-mattress_50000682_alt-image-1 | AC52: ="https://rtg-275.myshopify.com/products/"&K52 -> https://rtg-275.myshopify.com/products/CASPER-ONYX-2-0 | AD52: =vlookup(L52,'Python sheet'!$E$2:$F$373,2,0) -> https://rtg-275.myshopify.com/products/CASPER-ONYX-2-0?variant=47915102208138
A53: 50101775 | J53: SMART MATCH 2.0 | K53: SMART-MATCH-2-0 | L53: =K53&T53 -> SMART-MATCH-2-0Twin | M53: TW SMART MATCH 2.0 | N53: 977 | O53: 2999 | P53: KINGSDOWN | T53: Twin | U53: Innerspring | V53: 4-Premier | W53: Side/Back/Stomach | X53: 4-Premier | Y53: 3-Superior | Z53: Medium | AA53: =IFERROR(VLOOKUP(A53,Sheet3!B:H,6,false),VLOOKUP(J53,Sheet2!A:C,2,false)) -> https://assets.roomstogo.com/product/kingsdown-smart-match-20-twin-xl-mattress_50001773_image-item | AB53: =IFERROR(VLOOKUP(A53,Sheet3!B:H,7,false),VLOOKUP(J53,Sheet2!A:C,3,false)) -> https://assets.roomstogo.com/product/kingsdown-smart-match-20-twin-xl-mattress_50001773_alt-image-1 | AC53: ="https://rtg-275.myshopify.com/products/"&K53 -> https://rtg-275.myshopify.com/products/SMART-MATCH-2-0 | AD53: =vlookup(L53,'Python sheet'!$E$2:$F$373,2,0) -> https://rtg-275.myshopify.com/products/SMART-MATCH-2-0?variant=47915102503050
A54: 50102260 | B54: 33 | C54: 4.48 | D54: Mattress Only~Turnbull | E54: Mattress Only | F54: Turnbull | G54: 43 | H54: 4.37 | I54: 10 | J54: TURNBULL | K54: TURNBULL | L54: =K54&T54 -> TURNBULLTwin | M54: TW TURNBULL | N54: 238 | O54: 249.99 | P54: KINGSDOWN | Q54: P | R54: .A top layer of gel foam keeps the surface cool while providing pressure relief & support. .A second layer of convoluted foam emphasizes the cooling properties in the mattress. .Foam encased coils ensure personalized support and minimize partner disturbance..Reinforced coils along the perimeter create full, edge-to-edge support throughout the mattress. .Ensures cool and comfortable sleep throughout the night. | S54: Kid | T54: Twin | U54: Innerspring | V54: 2-Good | W54: Side/Back/Stomach | X54: 1-Basic | Y54: 2-Good | Z54: Medium | AA54: =IFERROR(VLOOKUP(A54,Sheet3!B:H,6,false),VLOOKUP(J54,Sheet2!A:C,2,false)) -> https://assets.roomstogo.com/product/kingsdown-turnbull-twin-mattress_50102260_image-item | AB54: =IFERROR(VLOOKUP(A54,Sheet3!B:H,7,false),VLOOKUP(J54,Sheet2!A:C,3,false)) -> https://assets.roomstogo.com/product/kingsdown-turnbull-twin-mattress_50102260_alt-image-1 | AC54: ="https://rtg-275.myshopify.com/products/"&K54 -> https://rtg-275.myshopify.com/products/TURNBULL | AD54: =vlookup(L54,'Python sheet'!$E$2:$F$373,2,0) -> https://rtg-275.myshopify.com/products/TURNBULL?variant=47915112595594
A55: 50102284 | B55: 11 | C55: 4.27 | D55: Mattress Only~Hawke | E55: Mattress Only | F55: Hawke | G55: 26 | H55: 4.46 | I55: 15 | J55: HAWKE | K55: HAWKE | L55: =K55&T55 -> HAWKETwin | M55: TW HAWKE | N55: 298 | O55: 349.99 | P55: KINGSDOWN | Q55: P | R55: .Gel micro-denier polyester fiber in the cover makes the surface exceptionally soft and resilient. .Tri-tech memory foam includes specialized lumbar support underneath it..Materials are infused with copper, silver and graphite for ultimate comfort. .Gel foam keeps the mattress cool while providing pressure relief and support. .Perimeter wrapped coils provide superior edge-to-edge support at the base level..Ensures comfortable sleep throughout the night. | S55: Kid | T55: Twin | U55: Innerspring | V55: 3-Superior | W55: Side/Back/Stomach | X55: 4-Premier | Y55: 2-Good | Z55: Medium | AA55: =IFERROR(VLOOKUP(A55,Sheet3!B:H,6,false),VLOOKUP(J55,Sheet2!A:C,2,false)) -> https://assets.roomstogo.com/product/kingsdown-hawke-twin-mattress_50102284_image-item | AB55: =IFERROR(VLOOKUP(A55,Sheet3!B:H,7,false),VLOOKUP(J55,Sheet2!A:C,3,false)) -> https://assets.roomstogo.com/product/kingsdown-hawke-twin-mattress_50102284_alt-image-1 | AC55: ="https://rtg-275.myshopify.com/products/"&K55 -> https://rtg-275.myshopify.com/products/HAWKE | AD55: =vlookup(L55,'Python sheet'!$E$2:$F$373,2,0) -> https://rtg-275.myshopify.com/products/HAWKE?variant=47915112693898
A56: 50102296 | B56: 3 | C56: 4.33 | D56: Mattress Only~Grenson | E56: Mattress Only | F56: Grenson | G56: 9 | H56: 4.56 | I56: 6 | J56: GRENSON | K56: GRENSON | L56: =K56&T56 -> GRENSONTwin | M56: TW GRENSON | N56: 377 | O56: 449.99 | P56: KINGSDOWN | Q56: P | R56: .The smooth cover is enhanced by the tri-tech memory foam underneath it. .Materials are infused with copper, silver and graphite for ultimate comfort. .Gel foam keeps the mattress cool while providing pressure relief and support. .A bottom layer of 6 foam core gently compresses for customized support where it's needed..This mattress works well with motion bases. | S56: Kid | T56: Twin | U56: Foam | V56: 4-Premier | W56: Side/Back | X56: 3-Superior | Y56: 2-Good | Z56: Soft | AA56: =IFERROR(VLOOKUP(A56,Sheet3!B:H,6,false),VLOOKUP(J56,Sheet2!A:C,2,false)) -> https://assets.roomstogo.com/product/kingsdown-grenson-twin-mattress_50102296_image-item | AB56: =IFERROR(VLOOKUP(A56,Sheet3!B:H,7,false),VLOOKUP(J56,Sheet2!A:C,3,false)) -> https://assets.roomstogo.com/product/kingsdown-grenson-twin-mattress_50102296_alt-image-1 | AC56: ="https://rtg-275.myshopify.com/products/"&K56 -> https://rtg-275.myshopify.com/products/GRENSON | AD56: =vlookup(L56,'Python sheet'!$E$2:$F$373,2,0) -> https://rtg-275.myshopify.com/products/GRENSON?variant=47915112759434
A57: 50107462 | J57: ADAPT 2.0 MEDIUM | K57: ADAPT-2-0-MEDIUM | L57: =K57&T57 -> ADAPT-2-0-MEDIUMTwin | M57: TW ADAPT MEDIUM | N57: 1699 | O57: 1699 | P57: TEMPURPEDIC | R57: .Superior cool-to-the-touch feel with a premium knit cover..TEMPUR-Material provides one-of-a-kind, body-conforming support by responding to your body's weight, shape, and temperature to help reduce aches and pains..A second layer of TEMPUR-Material absorbs motion to help minimize disruptions caused by movement from partners, pets, or kids. | S57: Adult | T57: Twin | U57: Foam | V57: 4-Premier | W57: Side/Back/Stomach | X57: 4-Premier | Y57: 4-Premier | Z57: Medium | AA57: =IFERROR(VLOOKUP(A57,Sheet3!B:H,6,false),VLOOKUP(J57,Sheet2!A:C,2,false)) -> https://assets.roomstogo.com/product/tempur-pedic-adapt-20-medium-twin-xl-mattress_50007460_image-item | AB57: =IFERROR(VLOOKUP(A57,Sheet3!B:H,7,false),VLOOKUP(J57,Sheet2!A:C,3,false)) -> https://assets.roomstogo.com/product/tempur-pedic-adapt-20-medium-twin-xl-mattress_50007460_alt-image-1 | AC57: ="https://rtg-275.myshopify.com/products/"&K57 -> https://rtg-275.myshopify.com/products/ADAPT-2-0-MEDIUM | AD57: =vlookup(L57,'Python sheet'!$E$2:$F$373,2,0) -> https://rtg-275.myshopify.com/products/ADAPT-2-0-MEDIUM?variant=47915102797962
A58: 50107474 | J58: ADAPT 2.0 MEDIUM HYBRID | K58: ADAPT-2-0-MEDIUM-HYBRID | L58: =K58&T58 -> ADAPT-2-0-MEDIUM-HYBRIDTwin | M58: TW ADAPT MEDIUM HYBRID | N58: 1999 | O58: 1999 | P58: TEMPURPEDIC | R58: .Superior cool-to-the-touch feel with a premium knit cover..TEMPUR-Material provides one-of-a-kind, body-conforming support by responding to your body's weight, shape, and temperature to help reduce aches and pains..A second layer of TEMPUR-Material absorbs motion to help minimize disruptions caused by movement from partners, pets, or kids..Hybrid technology combines premium innersprings with TEMPUR-Material to deliver the right combination of pressure relief and support. | S58: Adult | T58: Twin | U58: Hybrid | V58: 4-Premier | W58: Side/Back/Stomach | X58: 4-Premier | Y58: 4-Premier | Z58: Medium | AA58: =IFERROR(VLOOKUP(A58,Sheet3!B:H,6,false),VLOOKUP(J58,Sheet2!A:C,2,false)) -> https://assets.roomstogo.com/product/tempur-pedic-adapt-20-medium-hybrid-twin-xl-mattress_50007472_image-item | AB58: =IFERROR(VLOOKUP(A58,Sheet3!B:H,7,false),VLOOKUP(J58,Sheet2!A:C,3,false)) -> https://assets.roomstogo.com/product/tempur-pedic-adapt-20-medium-hybrid-twin-xl-mattress_50007472_alt-image-1 | AC58: ="https://rtg-275.myshopify.com/products/"&K58 -> https://rtg-275.myshopify.com/products/ADAPT-2-0-MEDIUM-HYBRID | AD58: =vlookup(L58,'Python sheet'!$E$2:$F$373,2,0) -> https://rtg-275.myshopify.com/products/ADAPT-2-0-MEDIUM-HYBRID?variant=47915103158410
A59: 50107486 | J59: PROADAPT 2.0 FIRM | K59: PROADAPT-2-0-FIRM | L59: =K59&T59 -> PROADAPT-2-0-FIRMTwin | M59: TW PROADAPT FIRM | N59: 2899 | O59: 2899 | P59: TEMPURPEDIC | R59: .The removable, machine-washable, and cool-to-the-touch SmartClimate cover features heat-absorbing fibers, drawing heat away from the body for added cooling comfort..Ventilated Advanced Relief Material provides pressure relief and added ventilation for increased airflow..TEMPUR-Material provides one-of-a-kind, body-conforming support by responding to your body's weight, shape, and temperature. | S59: Adult | T59: Twin | U59: Foam | V59: 4-Premier | W59: Stomach/Back | X59: 5-Ultimate | Y59: 4-Premier | Z59: Firm | AA59: =IFERROR(VLOOKUP(A59,Sheet3!B:H,6,false),VLOOKUP(J59,Sheet2!A:C,2,false)) -> https://assets.roomstogo.com/product/tempur-pedic-proadapt-20-firm-twin-xl-mattress_50007484_image-item | AB59: =IFERROR(VLOOKUP(A59,Sheet3!B:H,7,false),VLOOKUP(J59,Sheet2!A:C,3,false)) -> https://assets.roomstogo.com/product/tempur-pedic-proadapt-20-firm-twin-xl-mattress_50007484_alt-image-1 | AC59: ="https://rtg-275.myshopify.com/products/"&K59 -> https://rtg-275.myshopify.com/products/PROADAPT-2-0-FIRM | AD59: =vlookup(L59,'Python sheet'!$E$2:$F$373,2,0) -> https://rtg-275.myshopify.com/products/PROADAPT-2-0-FIRM?variant=47915103486090
A60: 50107525 | J60: PROADAPT 2.0 MEDIUM | K60: PROADAPT-2-0-MEDIUM | L60: =K60&T60 -> PROADAPT-2-0-MEDIUMTwin | M60: TW PROADAPT MEDIUM | N60: 2899 | O60: 2899 | P60: TEMPURPEDIC | R60: .The removable, machine-washable, and cool-to-the-touch SmartClimate cover features heat-absorbing fibers, drawing heat away from the body for added cooling comfort..Ventilated Advanced Relief Material provides pressure relief and added ventilation for increased airflow..TEMPUR-Material provides one-of-a-kind, body-conforming support by responding to your body's weight, shape, and temperature. | S60: Adult | T60: Twin | U60: Foam | V60: 4-Premier | W60: Side/Back/Stomach | X60: 5-Ultimate | Y60: 4-Premier | Z60: Medium | AA60: =IFERROR(VLOOKUP(A60,Sheet3!B:H,6,false),VLOOKUP(J60,Sheet2!A:C,2,false)) -> https://assets.roomstogo.com/product/tempur-pedic-proadapt-20-medium-twin-xl-mattress_50007523_image-item | AB60: =IFERROR(VLOOKUP(A60,Sheet3!B:H,7,false),VLOOKUP(J60,Sheet2!A:C,3,false)) -> https://assets.roomstogo.com/product/tempur-pedic-proadapt-20-medium-twin-xl-mattress_50007523_alt-image-1 | AC60: ="https://rtg-275.myshopify.com/products/"&K60 -> https://rtg-275.myshopify.com/products/PROADAPT-2-0-MEDIUM | AD60: =vlookup(L60,'Python sheet'!$E$2:$F$373,2,0) -> https://rtg-275.myshopify.com/products/PROADAPT-2-0-MEDIUM?variant=47915104338058
A61: 50107537 | J61: PROADAPT 2.0 SOFT | K61: PROADAPT-2-0-SOFT | L61: =K61&T61 -> PROADAPT-2-0-SOFTTwin | M61: TW PROADAPT SOFT | N61: 2899 | O61: 2899 | P61: TEMPURPEDIC | R61: .The removable, machine-washable, and cool-to-the-touch SmartClimate cover features heat-absorbing fibers, drawing heat away from the body for added cooling comfort..Specially ventilated TEMPUR-Material delivers additional airflow and breathability, while providing pressure relief and motion absorption..Advanced Relief Material is the most pressure-relieving material made by Tempur-Pedic and conforms to your body for ultimate comfort. | S61: Adult | T61: Twin | U61: Foam | V61: 5-Ultimate | W61: Side/Back | X61: 5-Ultimate | Y61: 4-Premier | Z61: Soft | AA61: =IFERROR(VLOOKUP(A61,Sheet3!B:H,6,false),VLOOKUP(J61,Sheet2!A:C,2,false)) -> https://assets.roomstogo.com/product/tempur-pedic-proadapt-20-soft-twin-xl-mattress_50007535_image-item | AB61: =IFERROR(VLOOKUP(A61,Sheet3!B:H,7,false),VLOOKUP(J61,Sheet2!A:C,3,false)) -> https://assets.roomstogo.com/product/tempur-pedic-proadapt-20-soft-twin-xl-mattress_50007535_alt-image-1 | AC61: ="https://rtg-275.myshopify.com/products/"&K61 -> https://rtg-275.myshopify.com/products/PROADAPT-2-0-SOFT | AD61: =vlookup(L61,'Python sheet'!$E$2:$F$373,2,0) -> https://rtg-275.myshopify.com/products/PROADAPT-2-0-SOFT?variant=47915104600202
A62: 50107551 | J62: PROADAPT 2.0 MEDIUM HYBRID | K62: PROADAPT-2-0-MEDIUM-HYBRID | L62: =K62&T62 -> PROADAPT-2-0-MEDIUM-HYBRIDTwin | M62: TW PROADAPT MEDIUM HYBRID | N62: 2899 | O62: 2899 | P62: TEMPURPEDIC | R62: .The removable, machine-washable, and cool-to-the-touch SmartClimate cover features heat-absorbing fibers, drawing heat away from the body for added cooling comfort..Specially ventilated TEMPUR-Material delivers additional airflow and breathability, while providing pressure relief and motion absorption..Advanced Relief Material is the most pressure-relieving material made by Tempur-Pedic and contours to your body for ultimate comfort. .Hybrid technology mixes premium innersprings with one-of-a-kind Tempur-Pedic materials to deliver the right combination of relief and support. | S62: Adult | T62: Twin | U62: Hybrid | V62: 4-Premier | W62: Side/Back/Stomach | X62: 5-Ultimate | Y62: 4-Premier | Z62: Medium | AA62: =IFERROR(VLOOKUP(A62,Sheet3!B:H,6,false),VLOOKUP(J62,Sheet2!A:C,2,false)) -> https://assets.roomstogo.com/product/tempur-pedic-proadapt-20-medium-hybrid-twin-xl-mattress_50007559_image-item | AB62: =IFERROR(VLOOKUP(A62,Sheet3!B:H,7,false),VLOOKUP(J62,Sheet2!A:C,3,false)) -> https://assets.roomstogo.com/product/tempur-pedic-proadapt-20-medium-hybrid-twin-xl-mattress_50007559_alt-image-1 | AC62: ="https://rtg-275.myshopify.com/products/"&K62 -> https://rtg-275.myshopify.com/products/PROADAPT-2-0-MEDIUM-HYBRID | AD62: =vlookup(L62,'Python sheet'!$E$2:$F$373,2,0) -> https://rtg-275.myshopify.com/products/PROADAPT-2-0-MEDIUM-HYBRID?variant=47915104927882
A63: 50109872 | J63: TUFT & NEEDLE STITCH TN3.1 | K63: TUFT-NEEDLE-STITCH-TN3-1 | L63: =K63&T63 -> TUFT-NEEDLE-STITCH-TN3-1Twin | M63: TW T&N TN3.1 | N63: 597 | O63: 799 | P63: TUFT & NEEDLE | Q63: P | S63: Adult | T63: Twin | U63: Hybrid | V63: 3-Superior | W63: Side/Back/Stomach | X63: 3-Superior | Y63: 3-Superior | Z63: Medium | AA63: =IFERROR(VLOOKUP(A63,Sheet3!B:H,6,false),VLOOKUP(J63,Sheet2!A:C,2,false)) -> https://assets.roomstogo.com/product/tuft-needle-stitch-tn31-twin-xl-mattress_50009870_image-item | AB63: =IFERROR(VLOOKUP(A63,Sheet3!B:H,7,false),VLOOKUP(J63,Sheet2!A:C,3,false)) -> https://assets.roomstogo.com/product/tuft-needle-stitch-tn31-twin-xl-mattress_50009870_alt-image-1 | AC63: ="https://rtg-275.myshopify.com/products/"&K63 -> https://rtg-275.myshopify.com/products/TUFT-NEEDLE-STITCH-TN3-1 | AD63: =vlookup(L63,'Python sheet'!$E$2:$F$373,2,0) -> https://rtg-275.myshopify.com/products/TUFT-NEEDLE-STITCH-TN3-1?variant=47915105943690
A64: 50109884 | J64: TUFT & NEEDLE STITCH TN5.1 | K64: TUFT-NEEDLE-STITCH-TN5-1 | L64: =K64&T64 -> TUFT-NEEDLE-STITCH-TN5-1Twin | M64: TW T&N TN5.1 | N64: 695 | O64: 1299 | P64: TUFT & NEEDLE | Q64: P | S64: Adult | T64: Twin | U64: Hybrid | V64: 4-Premier | W64: Stomach/Back | X64: 4-Premier | Y64: 4-Premier | Z64: Firm | AA64: =IFERROR(VLOOKUP(A64,Sheet3!B:H,6,false),VLOOKUP(J64,Sheet2!A:C,2,false)) -> https://assets.roomstogo.com/product/tuft-needle-stitch-tn51-twin-xl-mattress_50009882_image-item | AB64: =IFERROR(VLOOKUP(A64,Sheet3!B:H,7,false),VLOOKUP(J64,Sheet2!A:C,3,false)) -> https://assets.roomstogo.com/product/tuft-needle-stitch-tn51-twin-xl-mattress_50009882_alt-image-1 | AC64: ="https://rtg-275.myshopify.com/products/"&K64 -> https://rtg-275.myshopify.com/products/TUFT-NEEDLE-STITCH-TN5-1 | AD64: =vlookup(L64,'Python sheet'!$E$2:$F$373,2,0) -> https://rtg-275.myshopify.com/products/TUFT-NEEDLE-STITCH-TN5-1?variant=47915106173066
A65: 50109909 | J65: TUFT & NEEDLE STITCH TN9.1 | K65: TUFT-NEEDLE-STITCH-TN9-1 | L65: =K65&T65 -> TUFT-NEEDLE-STITCH-TN9-1Twin | M65: TW T&N TN9.1 | N65: 1497 | O65: 1999 | P65: TUFT & NEEDLE | Q65: P | S65: Adult | T65: Twin | U65: Hybrid | V65: 5-Ultimate | W65: Side/Back | X65: 4-Premier | Y65: 4-Premier | Z65: Soft | AA65: =IFERROR(VLOOKUP(A65,Sheet3!B:H,6,false),VLOOKUP(J65,Sheet2!A:C,2,false)) -> https://assets.roomstogo.com/product/tuft-needle-stitch-tn91-twin-xl-mattress_50009907_image-item | AB65: =IFERROR(VLOOKUP(A65,Sheet3!B:H,7,false),VLOOKUP(J65,Sheet2!A:C,3,false)) -> https://assets.roomstogo.com/product/tuft-needle-stitch-tn91-twin-xl-mattress_50009907_alt-image-1 | AC65: ="https://rtg-275.myshopify.com/products/"&K65 -> https://rtg-275.myshopify.com/products/TUFT-NEEDLE-STITCH-TN9-1 | AD65: =vlookup(L65,'Python sheet'!$E$2:$F$373,2,0) -> https://rtg-275.myshopify.com/products/TUFT-NEEDLE-STITCH-TN9-1?variant=47915106599050
A66: 50109923 | J66: TUFT & NEEDLE KIDS GLEE | K66: TUFT-NEEDLE-KIDS-GLEE | L66: =K66&T66 -> TUFT-NEEDLE-KIDS-GLEETwin | M66: TW T&N KIDS GLEE | N66: 477 | O66: 499 | P66: TUFT & NEEDLE | Q66: P | R66: Whether they're a teething toddler or a growing teen, help your child wake refreshed with the Tuft & Needle Glee mattress. Featuring a foam construction for cradling comfort, this mattress offers innovative cooling, responsive pressure relief, and the bounce-back support of T&N Adaptive foam, so they can sink deeply into sleep-but never into the mattress. Unlike memory foam, Tuft & Needle's T&N Adaptive foam doesn't sink under weight. Instead, it keeps each sleeper lifted while contouring to relieve pressure where they need it most. With the addition of a breathable cover and reinforced edge support for corner-to-corner comfort, the Tuft & Needle Glee 9 Medium-Firm mattress ensures your child can sleep well, and wake refreshed, for years to come. | S66: Kid | T66: Twin | U66: Foam | V66: 2-Good | W66: Side/Back/Stomach | X66: 2-Good | Y66: 2-Good | Z66: Medium | AA66: =IFERROR(VLOOKUP(A66,Sheet3!B:H,6,false),VLOOKUP(J66,Sheet2!A:C,2,false)) -> https://assets.roomstogo.com/product/tuft-needle-kids-glee-twin-mattress_50109923_image-item | AB66: =IFERROR(VLOOKUP(A66,Sheet3!B:H,7,false),VLOOKUP(J66,Sheet2!A:C,3,false)) -> https://assets.roomstogo.com/product/tuft-needle-kids-glee-twin-mattress_50109923_alt-image-1 | AC66: ="https://rtg-275.myshopify.com/products/"&K66 -> https://rtg-275.myshopify.com/products/TUFT-NEEDLE-KIDS-GLEE | AD66: =vlookup(L66,'Python sheet'!$E$2:$F$373,2,0) -> https://rtg-275.myshopify.com/products/TUFT-NEEDLE-KIDS-GLEE?variant=47915112824970
A67: 50109935 | B67: 1 | C67: 5 | D67: Mattress Only~Tuft & Needle Tn1 | E67: Mattress Only | F67: Tuft & Needle Tn1 | G67: 9 | H67: 4.89 | I67: 8 | J67: TUFT & NEEDLE TN1 | K67: TUFT-NEEDLE-TN1 | L67: =K67&T67 -> TUFT-NEEDLE-TN1Twin | M67: TW T&N TN1 | N67: 527 | O67: 649 | P67: TUFT & NEEDLE | Q67: P | R67: Reclaim your nights and wake refreshed for your days with the Tuft & Needle TN1 12 Firm mattress. Available in a standard flat-mattress construction, this mattress offers innovative cooling, responsive pressure relief, and the bounce back support of T&N Adaptive foam, so you can sink deeply into sleep-but never into your mattress. Unlike memory foam, Tuft & Needle's T&N Adaptive foam doesn't sink under your weight. Instead, it keeps you lifted while contouring to relieve pressure where you need it most. Rest easy as this ventilated foam helps channel airflow through the mattress and a breathable cover helps you sleep comfortably. Plus, feel cool as T&N AdaptiveCool gel foam technology, designed to help absorb heat, is ribboned across the center-third of the mattress to promote optimal cooling. With the addition of comfortable support foams, each Tuft & Needle TN1 12 Firm flat-mattress protects your rest so you can wake up refreshed and ready for the day. | S67: Adult | T67: Twin | U67: Foam | V67: 2-Good | W67: Stomach/Back | X67: 2-Good | Y67: 2-Good | Z67: Firm | AA67: =IFERROR(VLOOKUP(A67,Sheet3!B:H,6,false),VLOOKUP(J67,Sheet2!A:C,2,false)) -> https://assets.roomstogo.com/product/tuft-needle-tn1-twin-xl-mattress_50009933_image-item | AB67: =IFERROR(VLOOKUP(A67,Sheet3!B:H,7,false),VLOOKUP(J67,Sheet2!A:C,3,false)) -> https://assets.roomstogo.com/product/tuft-needle-tn1-twin-xl-mattress_50009933_alt-image-1 | AC67: ="https://rtg-275.myshopify.com/products/"&K67 -> https://rtg-275.myshopify.com/products/TUFT-NEEDLE-TN1 | AD67: =vlookup(L67,'Python sheet'!$E$2:$F$373,2,0) -> https://rtg-275.myshopify.com/products/TUFT-NEEDLE-TN1?variant=47915106861194
A68: 50110572 | B68: 1 | C68: 5 | D68: Mattress Only~Molecule Core | E68: Mattress Only | F68: Molecule Core | G68: 8 | H68: 4.88 | I68: 7 | J68: MOLECULE CORE | K68: MOLECULE-CORE | L68: =K68&T68 -> MOLECULE-CORETwin | M68: TW MOLECULE CORE | N68: 397 | O68: 899 | P68: MOLECULE | S68: Adult | T68: Twin | U68: Foam | V68: 3-Superior | W68: Side/Back/Stomach | X68: 3-Superior | Y68: 3-Superior | Z68: Medium | AA68: =IFERROR(VLOOKUP(A68,Sheet3!B:H,6,false),VLOOKUP(J68,Sheet2!A:C,2,false)) -> https://assets.roomstogo.com/product/molecule-core-twin-xl-mattress_50010570_image-item | AB68: =IFERROR(VLOOKUP(A68,Sheet3!B:H,7,false),VLOOKUP(J68,Sheet2!A:C,3,false)) -> https://assets.roomstogo.com/product/molecule-core-twin-xl-mattress_50010570_alt-image-1 | AC68: ="https://rtg-275.myshopify.com/products/"&K68 -> https://rtg-275.myshopify.com/products/MOLECULE-CORE | AD68: =vlookup(L68,'Python sheet'!$E$2:$F$373,2,0) -> https://rtg-275.myshopify.com/products/MOLECULE-CORE?variant=47915107123338
A69: 50110673 | B69: 6 | C69: 4.17 | D69: Mattress Only~Broad Peak Medium Hybrid | E69: Mattress Only | F69: Broad Peak Medium Hybrid | G69: 192 | H69: 4.4 | I69: 186 | J69: BROAD PEAK MEDIUM HYBRID | K69: BROAD-PEAK-MEDIUM-HYBRID | L69: =K69&T69 -> BROAD-PEAK-MEDIUM-HYBRIDTwin | M69: TW BROAD PEAK | N69: 595 | O69: 799.99 | P69: BEAUTYREST SELECT | Q69: P | R69: Developed by the pioneer of the hybrid mattress, the new Beautyrest Select Hybrid line offers consistent that conforms to your body, allowing you to find your optimal sleep position. The superior stretch and recovery surface adapts with you throughout the night, enabling you to engage more closely with the pressure relieving memory foams for a deep, easy sleep. This unique construction enhances the benefits of both our Pocketed Coil Technology and gel memory foams to provide comfort and breathability. | S69: Adult | T69: Twin | U69: Hybrid | V69: 3-Superior | W69: Side/Back/Stomach | X69: 3-Superior | Y69: 3-Superior | Z69: Medium | AA69: =IFERROR(VLOOKUP(A69,Sheet3!B:H,6,false),VLOOKUP(J69,Sheet2!A:C,2,false)) -> https://assets.roomstogo.com/product/beautyrest-select-broad-peak-medium-hybrid-twin-xl-mattress_50010671_image-item | AB69: =IFERROR(VLOOKUP(A69,Sheet3!B:H,7,false),VLOOKUP(J69,Sheet2!A:C,3,false)) -> https://assets.roomstogo.com/product/beautyrest-select-broad-peak-medium-hybrid-twin-xl-mattress_50010671_alt-image-1 | AC69: ="https://rtg-275.myshopify.com/products/"&K69 -> https://rtg-275.myshopify.com/products/BROAD-PEAK-MEDIUM-HYBRID | AD69: =vlookup(L69,'Python sheet'!$E$2:$F$373,2,0) -> https://rtg-275.myshopify.com/products/BROAD-PEAK-MEDIUM-HYBRID?variant=47915107319946
A70: 50110938 | B70: 7 | C70: 4 | D70: Mattress Only~Simmons Kids Delight | E70: Mattress Only | F70: Simmons Kids Delight | G70: 8 | H70: 3.75 | I70: 1 | J70: SIMMONS KIDS DELIGHT | K70: SIMMONS-KIDS-DELIGHT | L70: =K70&T70 -> SIMMONS-KIDS-DELIGHTTwin | M70: TW SIMMONS KIDS DELIGHT | N70: 177 | O70: 199 | P70: SIMMONS KIDS | Q70: P | R70: The Simmons Kids Delight mattress is designed with multiple layers of advanced comfort foam. A plush outer layer provides pressure relief and stable temperature regulation. A firm comfort foam core adds the proper support for your growing child. The cozy channeled cover offers a refreshing night's rest. | S70: Kid | T70: Twin | U70: Foam | V70: 1-Basic | W70: Stomach/Back | X70: 2-Good | Y70: 2-Good | Z70: Firm | AA70: =IFERROR(VLOOKUP(A70,Sheet3!B:H,6,false),VLOOKUP(J70,Sheet2!A:C,2,false)) -> https://assets.roomstogo.com/product/simmons-kids-delight-twin-mattress_50110938_image-item | AB70: =IFERROR(VLOOKUP(A70,Sheet3!B:H,7,false),VLOOKUP(J70,Sheet2!A:C,3,false)) -> https://assets.roomstogo.com/product/simmons-kids-delight-twin-mattress_50110938_alt-image-1 | AC70: ="https://rtg-275.myshopify.com/products/"&K70 -> https://rtg-275.myshopify.com/products/SIMMONS-KIDS-DELIGHT | AD70: =vlookup(L70,'Python sheet'!$E$2:$F$373,2,0) -> https://rtg-275.myshopify.com/products/SIMMONS-KIDS-DELIGHT?variant=47915112890506
A71: 50110940 | B71: 1 | C71: 5 | D71: Mattress Only~Simmons Kids Glad | E71: Mattress Only | F71: Simmons Kids Glad | G71: 3 | H71: 4.33 | I71: 2 | J71: SIMMONS KIDS GLAD | K71: SIMMONS-KIDS-GLAD | L71: =K71&T71 -> SIMMONS-KIDS-GLADTwin | M71: TW SIMMONS KIDS GLAD | N71: 277 | O71: 299 | P71: SIMMONS KIDS | Q71: P | R71: The Simmons Kids Delight mattress is designed with multiple layers of advanced comfort foam. A plush outer layer provides pressure relief all night. Multiple gel foam layers add stable temperature regulation and cradling softness. A medium comfort foam core offers the proper support for your growing child. | S71: Kid | T71: Twin | U71: Foam | V71: 3-Superior | W71: Side/Back/Stomach | X71: 2-Good | Y71: 2-Good | Z71: Medium | AA71: =IFERROR(VLOOKUP(A71,Sheet3!B:H,6,false),VLOOKUP(J71,Sheet2!A:C,2,false)) -> https://assets.roomstogo.com/product/simmons-kids-glad-twin-mattress_50110940_image-item | AB71: =IFERROR(VLOOKUP(A71,Sheet3!B:H,7,false),VLOOKUP(J71,Sheet2!A:C,3,false)) -> https://assets.roomstogo.com/product/simmons-kids-glad-twin-mattress_50110940_alt-image-1 | AC71: ="https://rtg-275.myshopify.com/products/"&K71 -> https://rtg-275.myshopify.com/products/SIMMONS-KIDS-GLAD | AD71: =vlookup(L71,'Python sheet'!$E$2:$F$373,2,0) -> https://rtg-275.myshopify.com/products/SIMMONS-KIDS-GLAD?variant=47915112956042
A72: 50110952 | B72: 3 | C72: 3.67 | D72: Mattress Only~Simmons Kids Happy | E72: Mattress Only | F72: Simmons Kids Happy | G72: 9 | H72: 4.22 | I72: 6 | J72: SIMMONS KIDS HAPPY | K72: SIMMONS-KIDS-HAPPY | L72: =K72&T72 -> SIMMONS-KIDS-HAPPYTwin | M72: TW SIMMONS KIDS HAPPY | N72: 327 | O72: 349 | P72: SIMMONS KIDS | Q72: P | R72: The Simmons Kids Happy mattress is designed with multiple layers of advanced comfort foam and a supportive coil system. A plush outer layer offers cradling softness. Premium gel memory foam provides contouring pressure relief and temperature regulation. 800 individually wrapped coils conform to the body for supported sleep. A firm comfort foam core adds the proper support for your growing child. | S72: Kid | T72: Twin | U72: Innerspring | V72: 3-Superior | W72: Stomach/Back | X72: 2-Good | Y72: 3-Superior | Z72: Firm | AA72: =IFERROR(VLOOKUP(A72,Sheet3!B:H,6,false),VLOOKUP(J72,Sheet2!A:C,2,false)) -> https://assets.roomstogo.com/product/simmons-kids-happy-twin-mattress_50110952_image-item | AB72: =IFERROR(VLOOKUP(A72,Sheet3!B:H,7,false),VLOOKUP(J72,Sheet2!A:C,3,false)) -> https://assets.roomstogo.com/product/simmons-kids-happy-twin-mattress_50110952_alt-image-1 | AC72: ="https://rtg-275.myshopify.com/products/"&K72 -> https://rtg-275.myshopify.com/products/SIMMONS-KIDS-HAPPY | AD72: =vlookup(L72,'Python sheet'!$E$2:$F$373,2,0) -> https://rtg-275.myshopify.com/products/SIMMONS-KIDS-HAPPY?variant=47915113021578
A73: 50111055 | J73: BAY DREAMER | K73: BAY-DREAMER | L73: =K73&T73 -> BAY-DREAMERTwin | M73: TW BAY DREAMER | N73: 345 | O73: 449.99 | P73: TOMMY BAHAMA | Q73: P | R73: Soft firmness. Circular Knit Fabric with Lycra for a soft luxurious feel. TheraCool Enhanced Gel Quilt for maximum comfort and pressure relief while wicking away heat from the body for a cooler nights sleep. Performance Foam provides support, durability and comfortable sleep. Memory Touch Visco Lumbar Support provides conforming support to the lumbar region. TheraWrapedge to edge coil unit offersindividually encased coilsthatmove and conform to the body,eliminating sleep partner disturbances. | S73: Kid | T73: Twin | U73: Innerspring | V73: 2-Good | W73: Side/Back | X73: 4-Premier | Y73: 2-Good | Z73: Soft | AA73: =IFERROR(VLOOKUP(A73,Sheet3!B:H,6,false),VLOOKUP(J73,Sheet2!A:C,2,false)) -> https://assets.roomstogo.com/product/tommy-bahama-bay-dreamer-twin-mattress_50111055_image-item | AB73: =IFERROR(VLOOKUP(A73,Sheet3!B:H,7,false),VLOOKUP(J73,Sheet2!A:C,3,false)) -> https://assets.roomstogo.com/product/tommy-bahama-bay-dreamer-twin-mattress_50111055_alt-image-1 | AC73: ="https://rtg-275.myshopify.com/products/"&K73 -> https://rtg-275.myshopify.com/products/BAY-DREAMER | AD73: =vlookup(L73,'Python sheet'!$E$2:$F$373,2,0) -> https://rtg-275.myshopify.com/products/BAY-DREAMER?variant=47915107549322
